Date,open,close,high,low,volume,money
2007-12-21,8.35,9.03,9.18,8.35,23062910.0,203690436.0
2007-12-24,8.86,9.42,9.67,8.68,16067416.0,148565939.0
2007-12-25,9.25,9.28,9.48,9.03,7515534.0,69478955.0
2007-12-26,9.29,9.43,9.6,9.29,4978729.0,47007728.0
2007-12-27,9.67,9.6,9.91,9.48,6237214.0,60369602.0
2007-12-28,9.67,9.67,9.82,9.51,3639291.0,35093063.0
2008-01-02,9.94,9.76,9.97,9.68,3278101.0,32168537.0
2008-01-03,9.9,10.19,10.39,9.76,4223700.0,42313734.0
2008-01-04,10.19,10.2,10.33,10.07,3150966.0,32107861.0
2008-01-07,10.32,9.9,10.32,9.79,2963913.0,29691631.0
2008-01-08,9.96,9.79,10.05,9.61,2773546.0,27324740.0
2008-01-09,9.92,9.92,10.01,9.75,1666382.0,16447377.0
2008-01-10,10.02,9.74,10.03,9.68,1931685.0,18963887.0
2008-01-11,9.79,9.81,9.9,9.48,2127305.0,20541625.0
2008-01-14,10.57,10.13,10.8,9.88,2834865.0,28861013.0
2008-01-15,10.24,10.17,10.24,10.0,2174067.0,21930673.0
2008-01-16,10.24,10.53,10.81,10.13,5694216.0,59961535.0
2008-01-17,10.66,10.54,10.81,9.86,3467998.0,36165192.0
2008-01-18,10.77,11.03,11.08,10.61,4383694.0,47927311.0
2008-01-21,11.31,10.47,11.31,10.32,2573366.0,27481310.0
2008-01-22,10.39,9.52,10.42,9.42,2383239.0,23419011.0
2008-01-23,9.82,9.86,9.86,9.29,2120267.0,20581896.0
2008-01-24,10.07,10.09,10.24,9.7,1937726.0,19335389.0
2008-01-25,10.08,9.77,10.09,9.76,1089952.0,10755294.0
2008-01-28,9.6,8.79,9.67,8.79,1935515.0,17485570.0
2008-01-29,9.1,8.81,9.1,8.66,798500.0,7071004.0
2008-01-30,8.9,9.21,9.22,8.89,1449347.0,13151141.0
2008-01-31,9.43,9.1,9.43,9.0,571087.0,5228855.0
2008-02-01,9.06,8.33,9.09,8.22,1083554.0,9229173.0
2008-02-04,8.53,8.98,9.06,8.45,929643.0,8141423.0
2008-02-05,8.89,8.8,8.98,8.65,907359.0,7986366.0
2008-02-13,8.65,8.73,8.87,8.55,422232.0,3681847.0
2008-02-14,8.85,8.92,8.94,8.78,567544.0,5029599.0
2008-02-15,8.81,8.79,8.84,8.69,842906.0,7370346.0
2008-02-18,8.88,8.95,9.06,8.77,1092567.0,9814131.0
2008-02-19,8.99,9.15,9.17,8.95,1136137.0,10351973.0
2008-02-20,9.29,9.15,9.58,9.14,1206168.0,11167564.0
2008-02-21,9.24,9.32,9.41,9.04,1247013.0,11535561.0
2008-02-22,9.39,9.12,9.39,9.03,931354.0,8559536.0
2008-02-25,9.29,8.72,9.3,8.66,826223.0,7319799.0
2008-02-26,9.02,8.72,9.02,8.52,701318.0,6108909.0
2008-02-27,8.73,8.85,8.94,8.72,707212.0,6254339.0
2008-02-28,8.91,9.08,9.15,8.76,769040.0,6924111.0
2008-02-29,9.22,9.21,9.22,9.05,1040392.0,9512394.0
2008-03-03,9.22,9.3,9.37,9.1,1393358.0,12908581.0
2008-03-04,9.36,9.15,9.36,9.07,1311083.0,12080828.0
2008-03-05,9.07,8.97,9.17,8.8,821770.0,7348353.0
2008-03-06,8.91,9.05,9.09,8.84,904499.0,8130026.0
2008-03-07,8.92,8.93,9.03,8.73,1017559.0,9030187.0
2008-03-10,8.94,8.62,8.94,8.61,1207156.0,10534448.0
2008-03-11,8.43,8.81,8.81,8.43,1370760.0,11853159.0
2008-03-12,8.93,8.57,8.93,8.57,932912.0,8122030.0
2008-03-13,8.52,8.33,8.52,8.23,910377.0,7581537.0
2008-03-14,8.24,8.41,8.51,8.24,1080017.0,8991942.0
2008-03-17,8.35,8.53,8.64,8.28,1389718.0,11741425.0
2008-03-18,8.54,8.75,8.9,8.05,5575417.0,48309129.0
2008-03-19,8.76,9.29,9.48,7.97,9140127.0,81551742.0
2008-03-20,9.06,8.94,9.41,8.42,6175513.0,56225915.0
2008-03-21,8.54,9.48,9.83,8.48,12310784.0,112480098.0
2008-03-24,9.45,9.42,9.82,9.26,9020848.0,85996234.0
2008-03-25,9.33,9.58,9.63,8.92,5298587.0,49300533.0
2008-03-26,9.48,9.12,9.63,9.12,4044858.0,37616394.0
2008-03-27,9.07,8.21,9.07,8.21,4121776.0,35066585.0
2008-03-28,8.01,7.71,8.01,7.39,4960599.0,37965173.0
2008-03-31,7.59,6.95,7.59,6.94,3954179.0,28121285.0
2008-04-01,6.81,6.25,6.81,6.25,4094878.0,26216753.0
2008-04-02,6.38,6.3,6.53,6.0,4484279.0,28371430.0
2008-04-03,6.32,6.43,6.53,6.18,2518832.0,16111067.0
2008-04-07,6.37,6.79,6.81,6.21,4236756.0,27910764.0
2008-04-08,6.75,6.89,6.9,6.62,4114356.0,27929801.0
2008-04-09,6.79,6.2,6.87,6.2,4133227.0,27170076.0
2008-04-10,6.02,6.18,6.2,5.77,2542520.0,15302302.0
2008-04-11,6.17,6.33,6.41,6.07,2310557.0,14538626.0
2008-04-14,6.15,5.7,6.22,5.7,2255936.0,13268280.0
2008-04-15,5.71,5.85,5.85,5.55,1902475.0,10796462.0
2008-04-16,5.8,5.69,5.82,5.61,1320359.0,7545277.0
2008-04-17,5.63,5.46,5.81,5.41,1415577.0,7912719.0
2008-04-18,5.45,4.97,5.5,4.93,1695739.0,8816531.0
2008-04-21,4.97,4.97,4.97,4.97,0.0,0.0
2008-04-22,4.89,4.89,4.92,4.59,1786064.0,8440499.0
2008-04-23,4.84,5.08,5.12,4.75,1802702.0,8960380.0
2008-04-24,5.57,5.59,5.59,5.31,4620154.0,25467034.0
2008-04-25,5.56,5.61,5.86,5.43,3259907.0,18495743.0
2008-04-28,5.5,5.44,5.58,5.36,1743806.0,9531671.0
2008-04-29,5.41,5.52,5.54,5.41,1276422.0,7007540.0
2008-04-30,5.54,5.73,5.73,5.5,2123161.0,12014449.0
2008-05-05,5.77,5.88,5.88,5.65,2682112.0,15494643.0
2008-05-06,5.88,5.7,5.88,5.67,2625260.0,15068742.0
2008-05-07,5.67,5.4,5.74,5.4,1788075.0,9998931.0
2008-05-08,5.36,5.49,5.51,5.28,1809652.0,9739422.0
2008-05-09,5.53,5.5,5.67,5.4,2067039.0,11476250.0
2008-05-12,5.47,5.67,5.73,5.31,1769592.0,9784013.0
2008-05-13,5.44,5.78,5.84,5.4,2617689.0,14778752.0
2008-05-14,5.74,6.17,6.3,5.72,5302885.0,31968651.0
2008-05-15,6.2,6.45,6.6,6.17,6459783.0,41268091.0
2008-05-16,6.37,6.14,6.45,6.05,2947006.0,18231999.0
2008-05-19,6.08,6.05,6.17,5.93,1023131.0,6151010.0
2008-05-20,6.05,5.59,6.11,5.56,1330422.0,7755187.0
2008-05-21,5.55,5.62,5.68,5.32,1618384.0,8809507.0
2008-05-22,5.58,5.84,5.88,5.46,1737375.0,9880820.0
2008-05-23,5.97,5.72,5.97,5.6,1565528.0,9026681.0
2008-05-26,5.76,5.56,5.76,5.47,688602.0,3841690.0
2008-05-27,5.67,5.59,5.67,5.49,545628.0,3037239.0
2008-05-28,5.63,5.88,5.89,5.56,2671470.0,15530388.0
2008-05-29,5.89,5.81,5.92,5.74,1353104.0,7853696.0
2008-05-30,5.83,6.08,6.09,5.75,2356997.0,13991614.0
2008-06-02,6.12,6.17,6.35,6.08,3962444.0,24444343.0
2008-06-03,6.32,6.29,6.46,6.2,5366886.0,33934747.0
2008-06-04,6.46,6.42,6.5,6.3,4794275.0,30638371.0
2008-06-05,6.7,6.8,7.04,6.45,8969765.0,60387789.0
2008-06-06,6.78,6.17,6.78,6.12,6013980.0,38540085.0
2008-06-10,5.82,5.55,5.82,5.55,2472377.0,13903139.0
2008-06-11,5.28,5.15,5.38,5.0,3040601.0,15732993.0
2008-06-12,4.98,5.32,5.34,4.97,2740993.0,14064621.0
2008-06-13,5.29,5.09,5.38,5.06,1367562.0,7125847.0
2008-06-16,5.11,5.01,5.22,4.9,1264880.0,6373132.0
2008-06-17,5.09,5.21,5.38,5.05,3165462.0,16510811.0
2008-06-18,5.11,5.55,5.7,4.75,4748954.0,25435026.0
2008-06-19,5.4,5.0,5.65,5.0,3082944.0,16405752.0
2008-06-20,5.11,5.06,5.32,4.75,1860081.0,9454624.0
2008-06-23,4.95,4.73,5.08,4.7,1251891.0,6105270.0
2008-06-24,4.73,4.73,4.81,4.45,1581762.0,7323995.0
2008-06-25,4.71,4.94,4.98,4.64,1544683.0,7539000.0
2008-06-26,4.94,5.01,5.15,4.86,1617234.0,8101788.0
2008-06-27,4.88,4.57,4.94,4.56,1896818.0,8932829.0
2008-06-30,4.57,4.61,4.7,4.52,519535.0,2379995.0
2008-07-01,4.59,4.58,4.67,4.55,474556.0,2180238.0
2008-07-02,4.7,4.73,4.78,4.62,787866.0,3717428.0
2008-07-03,4.69,4.88,4.99,4.56,1550454.0,7443124.0
2008-07-04,4.87,4.77,4.9,4.75,958496.0,4622727.0
2008-07-07,4.78,5.01,5.04,4.77,1608166.0,7936528.0
2008-07-08,5.05,5.03,5.05,4.9,1402125.0,6979087.0
2008-07-09,5.03,5.16,5.17,5.01,1692461.0,8621026.0
2008-07-10,5.03,5.03,5.2,5.03,1578802.0,8072935.0
2008-07-11,5.03,4.97,5.05,4.89,1288092.0,6386389.0
2008-07-14,4.93,5.07,5.07,4.9,842282.0,4228890.0
2008-07-15,5.13,4.99,5.19,4.96,1038772.0,5236604.0
2008-07-16,4.9,4.71,4.99,4.61,968000.0,4651932.0
2008-07-17,4.82,4.69,4.82,4.67,681990.0,3243371.0
2008-07-18,4.71,4.85,4.9,4.64,641614.0,3074903.0
2008-07-21,4.72,5.01,5.03,4.72,984067.0,4871172.0
2008-07-22,5.01,5.05,5.08,4.98,1273543.0,6412202.0
2008-07-23,5.04,5.08,5.16,4.98,1595065.0,8102954.0
2008-07-24,5.08,5.15,5.15,5.06,1589299.0,8139998.0
2008-07-25,5.14,5.11,5.14,5.03,1200707.0,6089392.0
2008-07-28,5.14,5.2,5.2,5.05,1168869.0,6030605.0
2008-07-29,5.13,5.13,5.17,5.08,1045230.0,5351288.0
2008-07-30,5.16,5.08,5.23,5.05,1002649.0,5155980.0
2008-07-31,5.16,4.94,5.16,4.92,935712.0,4682126.0
2008-08-01,4.94,4.96,5.0,4.78,781776.0,3818832.0
2008-08-04,4.93,5.03,5.05,4.88,1148640.0,5758064.0
2008-08-05,5.08,5.19,5.26,4.98,2714578.0,13982993.0
2008-08-06,5.2,5.24,5.31,5.1,3068623.0,16017894.0
2008-08-07,5.21,5.19,5.34,5.13,2079065.0,10911740.0
2008-08-08,5.24,4.68,5.29,4.67,2380326.0,11768793.0
2008-08-11,4.6,4.21,4.67,4.21,1340068.0,5855242.0
2008-08-12,4.16,4.13,4.28,4.08,485233.0,2003243.0
2008-08-13,4.13,4.07,4.13,3.87,851256.0,3414872.0
2008-08-14,3.95,4.09,4.12,3.95,538434.0,2194688.0
2008-08-15,4.05,4.07,4.13,4.01,637066.0,2596151.0
2008-08-18,4.03,3.73,4.04,3.73,923778.0,3566036.0
2008-08-19,3.68,3.73,3.82,3.64,662206.0,2466321.0
2008-08-20,3.67,4.11,4.11,3.64,1490915.0,5994197.0
2008-08-21,4.24,4.11,4.24,4.04,1585803.0,6555786.0
2008-08-22,4.21,4.25,4.52,4.07,1749520.0,7387206.0
2008-08-25,4.4,4.29,4.4,4.21,1397764.0,6035212.0
2008-08-26,4.53,4.09,4.53,3.95,1758314.0,7485595.0
2008-08-27,4.1,4.13,4.21,3.97,742477.0,3036137.0
2008-08-28,4.13,4.17,4.29,4.07,1083783.0,4497696.0
2008-08-29,4.21,4.22,4.28,4.11,1838303.0,7740498.0
2008-09-01,4.24,4.13,4.24,4.03,673614.0,2761010.0
2008-09-02,4.15,4.08,4.15,3.96,338751.0,1372179.0
2008-09-03,4.13,4.12,4.17,4.06,696748.0,2868680.0
2008-09-04,4.14,4.16,4.26,4.07,590030.0,2454989.0
2008-09-05,4.16,3.98,4.16,3.98,505255.0,2052657.0
2008-09-08,4.2,3.89,4.2,3.83,819276.0,3326948.0
2008-09-09,4.05,4.07,4.28,4.01,1539003.0,6302564.0
2008-09-10,4.06,4.1,4.13,3.97,1272647.0,5188882.0
2008-09-11,4.11,4.05,4.15,3.98,533467.0,2158593.0
2008-09-12,4.08,4.13,4.2,4.01,1384686.0,5717801.0
2008-09-16,4.13,4.05,4.17,4.02,847400.0,3468645.0
2008-09-17,4.05,4.06,4.11,4.02,618606.0,2508470.0
2008-09-18,4.08,3.83,4.08,3.66,1160436.0,4455585.0
2008-09-19,4.2,4.21,4.21,4.07,3090429.0,12949691.0
2008-09-22,4.33,4.31,4.59,4.18,3972870.0,17293321.0
2008-09-23,4.16,4.0,4.16,3.98,1373082.0,5539554.0
2008-09-24,3.83,3.89,3.9,3.83,940992.0,3627368.0
2008-09-25,3.9,3.95,4.0,3.87,1033440.0,4067482.0
2008-09-26,3.93,3.84,3.98,3.79,854286.0,3307610.0
2008-10-06,3.74,3.69,3.75,3.69,557236.0,2073351.0
2008-10-07,3.63,3.58,3.63,3.49,721023.0,2562175.0
2008-10-08,3.51,3.52,3.56,3.49,463560.0,1633367.0
2008-10-09,3.58,3.49,3.66,3.48,380117.0,1343368.0
2008-10-10,3.41,3.14,3.41,3.14,727317.0,2370696.0
2008-10-13,3.03,3.13,3.16,2.9,694825.0,2122460.0
2008-10-14,3.17,2.99,3.23,2.99,634134.0,1998872.0
2008-10-15,2.95,2.96,3.04,2.91,412060.0,1221647.0
2008-10-16,2.86,2.78,2.86,2.76,787412.0,2209515.0
2008-10-17,2.79,2.88,2.88,2.74,561923.0,1570802.0
2008-10-20,2.86,3.0,3.06,2.84,951358.0,2804629.0
2008-10-21,3.02,2.96,3.02,2.91,760297.0,2264140.0
2008-10-22,2.87,2.84,2.94,2.84,456349.0,1318568.0
2008-10-23,2.81,2.84,2.85,2.75,308859.0,862801.0
2008-10-24,2.87,2.92,3.04,2.83,1239740.0,3604012.0
2008-10-27,2.84,2.63,2.87,2.63,683688.0,1852922.0
2008-10-28,2.58,2.68,2.72,2.54,458512.0,1219260.0
2008-10-29,2.73,2.61,2.74,2.61,464764.0,1245546.0
2008-10-30,2.64,2.62,2.67,2.6,448146.0,1177945.0
2008-10-31,2.63,2.89,2.89,2.63,5323265.0,15242435.0
2008-11-03,2.89,2.96,2.97,2.84,4150308.0,12121464.0
2008-11-04,2.92,3.02,3.07,2.91,3445187.0,10328395.0
2008-11-05,3.02,3.15,3.23,2.97,4360299.0,13520440.0
2008-11-06,3.05,3.08,3.22,3.02,3241154.0,10155044.0
2008-11-07,2.99,3.06,3.21,2.89,5485419.0,16422755.0
2008-11-10,3.06,3.27,3.31,3.0,7637490.0,24175672.0
2008-11-11,3.19,3.13,3.25,3.13,4173770.0,13227316.0
2008-11-12,3.09,3.2,3.22,3.09,2954554.0,9306045.0
2008-11-13,3.17,3.35,3.41,3.1,4474337.0,14736737.0
2008-11-14,3.35,3.39,3.44,3.26,4032558.0,13527179.0
2008-11-17,3.39,3.48,3.53,3.33,4825991.0,16671602.0
2008-11-18,3.44,3.18,3.59,3.18,3897625.0,13190354.0
2008-11-19,3.17,3.5,3.5,3.17,4205496.0,14033170.0
2008-11-20,3.41,3.51,3.59,3.33,4323821.0,15091981.0
2008-11-21,3.41,3.35,3.53,3.25,2439248.0,8216572.0
2008-11-24,3.36,3.19,3.41,3.18,1268637.0,4156196.0
2008-11-25,3.25,3.1,3.28,3.02,1528906.0,4821323.0
2008-11-26,3.1,3.18,3.27,3.08,1305353.0,4146377.0
2008-11-27,3.38,3.29,3.41,3.23,2983795.0,9903647.0
2008-11-28,3.28,3.16,3.28,3.1,1669654.0,5298631.0
2008-12-01,3.12,3.4,3.43,3.1,2860596.0,9499927.0
2008-12-02,3.32,3.44,3.54,3.25,4072824.0,14070453.0
2008-12-03,3.49,3.59,3.6,3.46,3828499.0,13581316.0
2008-12-04,3.59,3.51,3.74,3.51,4027656.0,14664192.0
2008-12-05,3.49,3.82,3.82,3.49,4161949.0,15158797.0
2008-12-08,3.94,4.18,4.18,3.87,6837473.0,27172992.0
2008-12-09,4.36,4.07,4.36,3.93,5143298.0,20883668.0
2008-12-10,4.09,4.15,4.18,3.93,3562649.0,14464213.0
2008-12-11,4.09,3.95,4.28,3.94,3325699.0,13750430.0
2008-12-12,3.88,3.68,3.95,3.67,3054312.0,11535347.0
2008-12-15,3.72,3.76,3.82,3.66,1679944.0,6293118.0
2008-12-16,3.76,3.85,3.86,3.57,1281848.0,4779786.0
2008-12-17,3.89,3.87,3.99,3.82,2016838.0,7879394.0
2008-12-18,3.83,3.92,3.96,3.8,1349180.0,5239106.0
2008-12-19,3.92,4.07,4.21,3.92,2847413.0,11568788.0
2008-12-22,4.1,4.47,4.47,4.1,5991307.0,25859364.0
2008-12-23,4.47,4.14,4.59,4.14,6940060.0,30399250.0
2008-12-24,3.98,3.98,4.1,3.84,2496859.0,9913326.0
2008-12-25,3.98,4.09,4.2,3.98,2322724.0,9477664.0
2008-12-26,4.15,4.29,4.37,4.05,4165967.0,17699774.0
2008-12-29,4.28,4.16,4.31,3.95,2644927.0,10847152.0
2008-12-30,4.13,4.28,4.4,4.1,3956989.0,17005350.0
2008-12-31,4.32,4.41,4.55,4.22,4923515.0,21704522.0
2009-01-05,4.42,4.51,4.58,4.4,3419362.0,15366637.0
2009-01-06,4.48,4.55,4.56,4.36,4478415.0,19972820.0
2009-01-07,4.52,4.48,4.59,4.43,2536772.0,11460025.0
2009-01-08,4.32,4.43,4.46,4.21,3932609.0,17067650.0
2009-01-09,4.41,4.64,4.7,4.37,4003413.0,18334390.0
2009-01-12,4.58,4.65,4.82,4.58,3454727.0,16331622.0
2009-01-13,4.59,4.36,4.59,4.36,2689078.0,12012774.0
2009-01-14,4.28,4.53,4.55,4.28,1903845.0,8530283.0
2009-01-15,4.43,4.53,4.57,4.43,1616385.0,7300030.0
2009-01-16,4.53,4.69,4.78,4.48,4775222.0,22226358.0
2009-01-19,4.7,4.82,4.93,4.6,6460799.0,30795954.0
2009-01-20,4.76,4.73,4.76,4.63,2282833.0,10713889.0
2009-01-21,4.7,4.62,4.74,4.59,1942675.0,9078853.0
2009-01-22,4.61,4.65,4.7,4.61,1342124.0,6249546.0
2009-01-23,4.61,4.55,4.69,4.52,1481641.0,6815339.0
2009-02-02,4.57,4.67,4.67,4.55,1378646.0,6378957.0
2009-02-03,4.68,4.72,4.73,4.64,2042521.0,9556416.0
2009-02-04,4.72,4.72,4.73,4.65,2272744.0,10663710.0
2009-02-05,4.72,4.81,4.88,4.71,3841216.0,18455340.0
2009-02-06,4.8,4.93,4.97,4.8,3552766.0,17439184.0
2009-02-09,4.93,4.93,5.01,4.87,3771369.0,18614634.0
2009-02-10,4.98,5.01,5.03,4.87,3352368.0,16599140.0
2009-02-11,4.94,4.98,5.11,4.9,3836916.0,19165152.0
2009-02-12,5.01,4.97,5.03,4.83,2356634.0,11581679.0
2009-02-13,4.96,5.36,5.36,4.91,4639026.0,23765034.0
2009-02-16,5.36,5.37,5.5,5.27,4295975.0,22960228.0
2009-02-17,5.63,5.26,5.77,5.24,4394204.0,23945120.0
2009-02-18,5.36,4.92,5.36,4.9,3956137.0,20226834.0
2009-02-19,5.12,5.09,5.16,4.94,2515577.0,12754209.0
2009-02-20,5.17,5.33,5.36,5.09,2983722.0,15681457.0
2009-02-23,5.39,5.47,5.54,5.22,3290739.0,17735676.0
2009-02-24,5.47,5.24,5.5,5.15,3448301.0,18306758.0
2009-02-25,5.35,5.35,5.35,5.17,2585997.0,13597541.0
2009-02-26,5.53,5.04,5.53,4.9,4353206.0,23336608.0
2009-02-27,5.04,4.54,5.13,4.54,3839419.0,17959176.0
2009-03-02,4.42,4.48,4.55,4.29,2578679.0,11411946.0
2009-03-03,4.28,4.75,4.78,4.27,2453693.0,11111810.0
2009-03-04,4.64,5.05,5.08,4.64,3696565.0,18069870.0
2009-03-05,5.05,4.93,5.08,4.82,3909867.0,19430332.0
2009-03-06,4.83,4.84,4.95,4.8,1790262.0,8726684.0
2009-03-09,4.91,4.6,4.95,4.59,1876764.0,8888911.0
2009-03-10,4.63,4.72,4.74,4.54,1241154.0,5755870.0
2009-03-11,4.76,4.71,4.85,4.68,1613033.0,7690697.0
2009-03-12,4.65,4.75,4.78,4.56,1199874.0,5609724.0
2009-03-13,4.78,4.76,4.87,4.73,1734971.0,8314560.0
2009-03-16,4.85,5.14,5.2,4.85,6484873.0,32982362.0
2009-03-17,5.03,5.19,5.23,5.03,5371800.0,27562974.0
2009-03-18,5.24,5.19,5.24,5.13,3704821.0,19161652.0
2009-03-19,5.2,5.21,5.25,5.12,2345369.0,12165236.0
2009-03-20,5.13,5.08,5.21,4.98,2757436.0,14044293.0
2009-03-23,5.08,5.39,5.41,5.08,6361846.0,33913960.0
2009-03-24,5.42,5.4,5.5,5.38,7255374.0,39348276.0
2009-03-25,5.34,5.21,5.38,5.18,3783893.0,19937404.0
2009-03-26,5.21,5.5,5.51,5.21,6326515.0,34195908.0
2009-03-27,5.53,5.39,5.53,5.36,4080794.0,22078442.0
2009-03-30,5.4,5.4,5.47,5.37,2645428.0,14335560.0
2009-03-31,5.3,5.32,5.35,5.19,3199192.0,16864068.0
2009-04-01,5.36,5.49,5.5,5.36,4652804.0,25393946.0
2009-04-02,5.5,5.5,5.73,5.49,4037098.0,22611808.0
2009-04-03,5.53,5.79,5.85,5.5,6963395.0,39792332.0
2009-04-07,5.82,5.98,6.11,5.8,5859183.0,35113568.0
2009-04-08,5.83,5.67,5.93,5.67,6178781.0,35565400.0
2009-04-09,5.59,5.78,5.78,5.56,2787417.0,15762777.0
2009-04-10,5.82,6.07,6.19,5.78,6592187.0,39826200.0
2009-04-13,6.08,6.35,6.6,6.08,7070648.0,44361996.0
2009-04-14,6.39,6.99,6.99,6.2,8208653.0,54416240.0
2009-04-15,6.9,7.1,7.44,6.74,7784320.0,55337000.0
2009-04-16,7.06,6.79,7.06,6.74,4419342.0,30299168.0
2009-04-17,6.62,6.45,6.81,6.41,3676797.0,24103838.0
2009-04-20,6.43,6.62,6.71,6.41,2704659.0,17883022.0
2009-04-21,6.51,6.63,6.72,6.43,3093243.0,20439770.0
2009-04-22,6.62,6.13,6.68,6.12,3437514.0,22053846.0
2009-04-23,6.07,6.43,6.45,6.01,2567798.0,16019194.0
2009-04-24,6.39,6.7,6.87,6.35,5228823.0,34669736.0
2009-04-27,6.76,6.42,6.95,6.38,5505133.0,36940544.0
2009-04-28,6.42,6.42,6.42,6.42,0.0,0.0
2009-04-29,6.47,6.51,6.58,6.26,2223008.0,14310120.0
2009-04-30,6.51,6.63,6.73,6.5,2488961.0,16548791.0
2009-05-04,6.63,6.8,6.86,6.58,2690068.0,18118350.0
2009-05-05,6.79,6.89,6.89,6.68,3241384.0,21979998.0
2009-05-06,6.97,6.89,6.97,6.82,2687043.0,18504782.0
2009-05-07,6.92,6.78,6.96,6.68,2640392.0,17977446.0
2009-05-08,6.76,7.01,7.12,6.72,4038741.0,28198008.0
2009-05-11,7.04,6.65,7.12,6.62,2899725.0,19942250.0
2009-05-12,6.51,6.86,6.97,6.51,2300786.0,15413247.0
2009-05-13,6.8,6.7,6.87,6.65,1812125.0,12169622.0
2009-05-14,6.67,6.55,6.67,6.52,1814754.0,11917146.0
2009-05-15,6.57,6.69,6.77,6.57,1784016.0,11930445.0
2009-05-18,6.65,6.88,6.9,6.55,1975834.0,13287342.0
2009-05-19,6.92,6.93,6.98,6.82,3884894.0,26889172.0
2009-05-20,6.97,7.21,7.48,6.87,7022641.0,49676308.0
2009-05-21,7.19,7.03,7.29,6.94,3688942.0,26140300.0
2009-05-22,6.98,7.12,7.18,6.94,2590256.0,18326004.0
2009-05-25,7.01,7.19,7.38,6.78,4417761.0,31636770.0
2009-05-26,7.19,7.39,7.43,7.09,5260294.0,38310476.0
2009-05-27,7.42,7.7,7.82,7.41,8106222.0,61595948.0
2009-06-01,7.7,7.6,7.73,7.47,3989832.0,30196610.0
2009-06-02,7.59,7.38,7.59,7.31,3639937.0,27106090.0
2009-06-03,7.37,7.35,7.45,7.3,2158800.0,15894729.0
2009-06-04,7.4,7.13,7.47,7.08,3232521.0,23388438.0
2009-06-05,7.13,7.05,7.25,7.03,2291421.0,16221774.0
2009-06-08,7.08,7.3,7.31,7.05,2753921.0,19788714.0
2009-06-09,7.32,7.18,7.32,7.08,2037138.0,14631027.0
2009-06-10,7.18,7.18,7.3,7.09,1617589.0,11577950.0
2009-06-11,7.18,7.18,7.18,7.18,0.0,0.0
2009-06-12,7.12,6.87,7.17,6.84,1553202.0,10828946.0
2009-06-15,6.76,7.15,7.27,6.76,2288652.0,16358901.0
2009-06-16,7.08,7.03,7.19,6.99,1173446.0,8288296.0
2009-06-17,7.03,6.98,7.03,6.88,1163677.0,8058803.0
2009-06-18,6.96,7.16,7.21,6.95,2624812.0,18588940.0
2009-06-19,7.13,7.13,7.21,7.09,1634386.0,11671195.0
2009-06-22,7.16,7.25,7.37,7.03,3825003.0,27558664.0
2009-06-23,7.17,7.3,7.45,7.13,5338099.0,39153300.0
2009-06-24,7.28,7.13,7.28,7.09,2362308.0,16870150.0
2009-06-25,7.08,7.17,7.19,7.08,1457019.0,10403794.0
2009-06-26,7.2,7.24,7.25,7.15,2883188.0,20815716.0
2009-06-29,7.24,7.1,7.3,7.08,2154281.0,15379452.0
2009-06-30,7.08,7.17,7.18,6.88,2612678.0,18495088.0
2009-07-01,7.18,7.12,7.19,7.1,1397654.0,9966676.0
2009-07-02,7.12,7.25,7.27,7.04,5821864.0,41932120.0
2009-07-03,7.25,7.33,7.4,7.08,5184191.0,37756908.0
2009-07-06,7.32,7.16,7.33,7.14,2138685.0,15388835.0
2009-07-07,7.17,7.1,7.25,7.08,1985243.0,14169165.0
2009-07-08,7.08,7.33,7.34,7.03,4252223.0,30795830.0
2009-07-09,7.33,7.42,7.48,7.28,5937065.0,43763380.0
2009-07-10,7.42,7.29,7.42,7.25,2598018.0,19042816.0
2009-07-13,7.33,7.58,7.67,7.33,6337930.0,47762068.0
2009-07-14,7.58,7.67,7.7,7.53,4234853.0,32311328.0
2009-07-15,7.65,7.72,7.75,7.6,3255769.0,25028410.0
2009-07-16,7.8,7.63,7.82,7.58,3177105.0,24507964.0
2009-07-17,7.64,7.59,7.68,7.54,2284974.0,17381144.0
2009-07-20,7.62,7.93,7.93,7.61,4679123.0,36179936.0
2009-07-21,7.91,7.81,7.96,7.75,3855055.0,30307884.0
2009-07-22,7.75,7.76,7.86,7.73,2680410.0,20901566.0
2009-07-23,7.76,7.74,7.82,7.62,2794592.0,21502242.0
2009-07-24,7.73,7.61,7.8,7.53,2395763.0,18382768.0
2009-07-27,7.65,7.73,7.82,7.58,3037236.0,23432902.0
2009-07-28,7.7,7.8,7.85,7.6,3627285.0,28103026.0
2009-07-29,7.82,7.17,7.82,7.03,3119151.0,23350385.0
2009-07-30,7.2,7.16,7.3,6.97,3102472.0,22244304.0
2009-07-31,7.22,7.38,7.49,7.16,3045377.0,22327392.0
2009-08-03,7.4,7.54,7.54,7.26,4050715.0,29899232.0
2009-08-04,7.53,7.87,7.9,7.44,6547689.0,50350356.0
2009-08-05,7.81,8.09,8.17,7.68,6761173.0,53645140.0
2009-08-06,7.96,7.87,8.16,7.78,4674517.0,37408676.0
2009-08-07,7.82,7.71,8.13,7.68,3260076.0,25904166.0
2009-08-10,7.78,8.02,8.03,7.63,3031645.0,23738696.0
2009-08-11,8.06,8.08,8.18,7.87,4822928.0,38843620.0
2009-08-12,8.02,7.61,8.02,7.58,3132626.0,24554398.0
2009-08-13,7.5,7.59,7.68,7.45,2084197.0,15764735.0
2009-08-14,7.65,7.09,7.65,7.06,2549829.0,18570566.0
2009-08-17,7.02,6.63,7.03,6.56,2834670.0,19273560.0
2009-08-18,6.63,6.81,6.85,6.53,2312840.0,15536327.0
2009-08-19,6.69,6.61,6.82,6.44,1671477.0,11151748.0
2009-08-20,6.65,7.28,7.28,6.57,4506839.0,31163066.0
2009-08-21,7.53,8.01,8.01,7.37,11410029.0,88892632.0
2009-08-24,8.34,8.52,8.81,8.34,13420834.0,115094144.0
2009-08-25,8.73,8.65,8.73,8.3,9684491.0,82771608.0
2009-08-26,8.83,9.16,9.41,8.73,10329053.0,94398168.0
2009-08-27,9.29,9.01,9.29,8.78,8299571.0,74488360.0
2009-08-28,9.01,8.61,9.01,8.13,6417975.0,55128308.0
2009-08-31,8.64,8.67,8.73,8.33,5537475.0,47614740.0
2009-09-01,8.73,8.67,8.9,8.46,7082392.0,61621504.0
2009-09-02,8.72,8.45,8.78,8.33,4809650.0,40857836.0
2009-09-03,8.29,8.72,8.76,8.29,8260025.0,70495920.0
2009-09-04,8.68,8.44,8.68,8.38,6326199.0,53819448.0
2009-09-07,8.33,8.63,8.65,8.2,7578827.0,63983464.0
2009-09-08,8.57,8.97,9.23,8.51,16292556.0,146012384.0
2009-09-09,8.93,8.68,8.93,8.43,9332249.0,80735960.0
2009-09-10,8.62,8.28,8.62,8.24,6207240.0,51918500.0
2009-09-11,8.24,8.36,8.48,8.21,4627674.0,38701260.0
2009-09-14,8.3,8.58,8.63,8.3,5460985.0,46219028.0
2009-09-15,8.65,8.48,8.65,8.44,4756017.0,40539992.0
2009-09-16,8.41,9.1,9.31,8.33,10132967.0,88713752.0
2009-09-17,9.11,9.1,9.48,8.92,12490854.0,114854240.0
2009-09-18,9.11,8.51,9.31,8.43,8222322.0,73164936.0
2009-09-21,8.37,8.32,8.46,7.99,4364845.0,35757880.0
2009-09-22,8.36,8.13,8.51,8.12,3088764.0,25765210.0
2009-09-23,8.13,8.17,8.23,7.99,2591198.0,20990804.0
2009-09-24,8.16,7.94,8.22,7.79,2090910.0,16794254.0
2009-09-25,7.93,7.65,8.0,7.63,1960110.0,15317550.0
2009-09-28,7.71,7.43,7.85,7.38,1749575.0,13492353.0
2009-09-29,7.48,7.21,7.54,7.07,1809954.0,13234026.0
2009-09-30,7.33,7.26,7.37,7.21,1556161.0,11328805.0
2009-10-09,7.33,7.63,7.65,7.3,2081183.0,15657078.0
2009-10-12,7.63,7.75,7.96,7.59,2241511.0,17437002.0
2009-10-13,7.74,7.93,7.94,7.74,1431619.0,11270622.0
2009-10-14,8.02,7.93,8.02,7.89,2382008.0,18898788.0
2009-10-15,8.01,8.27,8.27,7.93,3022544.0,24403470.0
2009-10-16,8.27,8.41,8.68,8.15,5528601.0,46685440.0
2009-10-19,8.31,8.43,8.52,8.21,3851302.0,32266408.0
2009-10-20,8.32,8.34,8.5,8.32,3538142.0,29652326.0
2009-10-21,8.36,8.14,8.4,8.11,3178460.0,26075088.0
2009-10-22,8.13,8.09,8.19,8.04,3186531.0,25778260.0
2009-10-23,8.11,8.16,8.23,8.11,2407055.0,19636650.0
2009-10-26,8.16,8.88,8.93,7.95,6483255.0,54626856.0
2009-10-27,8.78,8.49,9.0,8.47,11232638.0,98672680.0
2009-10-28,8.41,8.29,8.48,8.13,3602011.0,29748016.0
2009-10-29,8.16,8.12,8.22,8.08,1840854.0,15000962.0
2009-10-30,8.21,8.15,8.4,8.13,2045450.0,16872142.0
2009-11-02,7.98,8.94,8.96,7.72,7880470.0,67459616.0
2009-11-03,9.03,8.84,9.29,8.83,13472562.0,121909176.0
2009-11-04,8.68,8.83,8.92,8.62,5916774.0,51631232.0
2009-11-05,8.7,8.96,9.05,8.7,5073198.0,45188704.0
2009-11-06,8.94,8.97,9.13,8.86,5109805.0,46024616.0
2009-11-09,8.93,9.01,9.08,8.87,4108259.0,36929848.0
2009-11-10,9.0,8.85,9.07,8.73,4598913.0,40862304.0
2009-11-11,8.86,8.74,8.87,8.62,3135963.0,27323748.0
2009-11-12,8.76,8.76,8.88,8.69,2786041.0,24485554.0
2009-11-13,8.76,8.89,8.97,8.72,2974862.0,26294102.0
2009-11-16,8.96,9.19,9.33,8.9,9081815.0,82600184.0
2009-11-17,9.13,9.11,9.21,8.98,4916748.0,44783072.0
2009-11-18,9.04,9.38,9.43,9.04,8634588.0,80126440.0
2009-11-19,9.29,9.33,9.34,9.19,5109363.0,47376492.0
2009-11-20,9.33,10.26,10.26,9.29,11764821.0,118274664.0
2009-11-23,10.34,10.79,11.04,10.24,16747046.0,175361424.0
2009-11-24,10.94,10.94,11.19,9.82,15352654.0,166655568.0
2009-11-25,10.94,11.13,11.44,10.44,16755283.0,184984000.0
2009-11-26,10.83,10.23,10.84,10.04,10067454.0,105921928.0
2009-11-27,10.13,10.18,10.41,10.08,6532472.0,66762684.0
2009-11-30,10.24,10.73,10.78,10.18,7564523.0,79456368.0
2009-12-01,10.69,10.84,10.93,10.42,7037927.0,75523536.0
2009-12-02,10.67,10.93,10.99,10.67,6931853.0,74805944.0
2009-12-03,10.99,10.51,10.99,10.37,7610277.0,80734504.0
2009-12-04,10.35,9.83,10.4,9.68,6925404.0,69659104.0
2009-12-07,9.81,10.09,10.14,9.79,3348933.0,33667352.0
2009-12-08,10.09,10.11,10.14,9.81,3661374.0,36485268.0
2009-12-09,10.08,10.16,10.27,9.9,3344526.0,33989852.0
2009-12-10,10.16,10.26,10.29,10.04,2542720.0,25835848.0
2009-12-11,10.25,10.48,10.52,10.24,4577190.0,47759272.0
2009-12-14,10.52,10.33,10.52,10.1,3015207.0,31081980.0
2009-12-15,10.32,10.12,10.38,10.1,2533341.0,25872650.0
2009-12-16,10.16,10.15,10.29,10.12,1764257.0,17973048.0
2009-12-17,10.16,9.59,10.24,9.58,2980914.0,29427624.0
2009-12-18,9.58,9.33,9.63,9.27,2140671.0,20060950.0
2009-12-21,9.33,9.78,9.82,9.3,3024349.0,29309860.0
2009-12-22,9.66,9.33,9.73,9.33,1959809.0,18773052.0
2009-12-23,9.34,9.88,9.99,9.34,3091743.0,30060528.0
2009-12-24,9.74,10.13,10.14,9.73,3822371.0,38217996.0
2009-12-25,10.09,10.06,10.27,9.96,3836344.0,38871472.0
2009-12-28,10.04,10.42,10.46,9.97,4226040.0,43441220.0
2009-12-29,10.39,10.54,10.56,10.21,4583867.0,47808016.0
2009-12-30,10.54,10.37,10.54,10.31,4119138.0,42874720.0
2009-12-31,10.34,10.57,10.64,10.33,5449138.0,57346692.0
2010-01-04,10.54,10.62,10.78,10.49,6054842.0,64418040.0
2010-01-05,10.59,10.51,10.64,10.29,4255293.0,44593720.0
2010-01-06,10.51,10.38,10.51,10.38,3241497.0,33816529.0
2010-01-07,10.36,9.94,10.38,9.94,2943936.0,29907028.0
2010-01-08,9.81,10.02,10.04,9.81,1972898.0,19639782.0
2010-01-11,10.04,10.2,10.34,9.95,3020794.0,30738970.0
2010-01-12,10.19,10.38,10.5,10.18,3602978.0,37463569.0
2010-01-13,10.29,10.43,10.61,10.21,4731481.0,49589084.0
2010-01-14,10.46,10.74,10.74,10.46,5265570.0,56155276.0
2010-01-15,10.78,10.56,10.78,10.47,4167076.0,44069360.0
2010-01-18,10.54,10.84,10.86,10.38,4574673.0,48617948.0
2010-01-19,11.04,10.75,11.07,10.71,4980279.0,53973316.0
2010-01-20,10.69,9.9,10.69,9.84,4228216.0,43589524.0
2010-01-21,9.8,9.96,10.13,9.8,1738598.0,17333308.0
2010-01-22,9.86,9.49,9.89,9.29,2435718.0,23383284.0
2010-01-25,9.51,9.59,9.79,9.44,1464805.0,14142850.0
2010-01-26,9.58,9.35,9.68,9.2,1357588.0,12712989.0
2010-01-27,9.34,9.3,9.48,9.3,948037.0,8901257.0
2010-01-28,9.39,9.18,9.42,9.03,1512430.0,13944927.0
2010-01-29,9.16,9.5,9.64,9.07,2517739.0,23677946.0
2010-02-01,9.54,9.16,9.54,9.12,1412025.0,13061697.0
2010-02-02,9.16,8.97,9.28,8.88,1279745.0,11728418.0
2010-02-03,9.01,9.11,9.14,8.68,1782524.0,15921155.0
2010-02-04,9.08,9.4,9.49,8.89,1924099.0,17764198.0
2010-02-05,9.24,9.48,9.48,9.16,2051109.0,19119526.0
2010-02-08,9.63,10.29,10.42,9.45,6661796.0,66408524.0
2010-02-09,10.61,10.77,11.04,10.35,13420205.0,144157376.0
2010-02-10,10.84,10.69,10.84,10.55,5404113.0,57772768.0
2010-02-11,10.79,10.72,10.79,10.54,5676571.0,60614444.0
2010-02-12,10.87,10.93,11.03,10.67,7250859.0,78873112.0
2010-02-22,10.99,11.14,11.29,10.9,8833389.0,97602496.0
2010-02-23,11.2,10.96,11.29,10.87,6771189.0,74902976.0
2010-02-24,10.94,11.18,11.23,10.89,6925647.0,76811880.0
2010-02-25,11.33,11.79,12.03,11.29,14020334.0,163525808.0
2010-02-26,11.74,11.83,11.89,11.55,6988717.0,82037816.0
2010-03-01,11.89,12.05,12.15,11.7,6151023.0,73645024.0
2010-03-02,12.29,12.3,12.49,12.15,9127454.0,112456536.0
2010-03-03,12.3,12.36,12.5,11.74,9980107.0,121211008.0
2010-03-04,12.55,12.37,12.79,12.1,8781915.0,109123232.0
2010-03-05,12.44,12.14,12.44,12.05,4648153.0,56801032.0
2010-03-08,12.35,12.31,12.39,12.16,4725003.0,58079676.0
2010-03-09,12.34,12.31,12.37,12.21,3892637.0,47837660.0
2010-03-10,12.37,12.66,12.67,12.34,10299203.0,129077088.0
2010-03-11,12.59,12.49,12.65,12.21,6503197.0,80651536.0
2010-03-12,12.78,12.84,13.25,12.78,9678900.0,125201008.0
2010-03-15,13.05,12.7,13.05,12.56,5830854.0,74566784.0
2010-03-16,12.9,12.82,12.9,12.59,3595436.0,45798020.0
2010-03-17,12.9,13.35,13.49,12.85,9634427.0,127010696.0
2010-03-18,13.6,14.14,14.45,13.49,9829246.0,137468864.0
2010-03-19,14.57,14.63,14.84,14.3,9906439.0,144548304.0
2010-03-22,14.81,14.39,14.81,14.15,7112299.0,102369392.0
2010-03-23,14.25,13.39,14.4,13.38,13240512.0,182643904.0
2010-03-24,13.43,13.56,13.64,13.1,9437280.0,126703832.0
2010-03-25,13.45,13.16,13.64,13.05,6802536.0,90876368.0
2010-03-26,13.05,13.22,13.28,13.05,3694233.0,48755360.0
2010-03-29,13.23,13.35,13.35,13.1,3947640.0,52109320.0
2010-03-30,13.34,13.6,13.65,13.21,4986459.0,67403552.0
2010-03-31,13.54,13.44,13.54,13.37,3153391.0,42412976.0
2010-04-01,13.41,13.41,13.55,13.3,4049787.0,54370456.0
2010-04-02,13.41,13.41,13.41,13.41,0.0,0.0
2010-04-06,13.49,13.14,13.5,13.05,3619999.0,47672516.0
2010-04-07,13.14,13.22,13.28,13.05,2669272.0,35249356.0
2010-04-08,13.25,13.52,13.69,13.25,6198836.0,83981096.0
2010-04-09,13.53,13.53,13.65,13.4,3571740.0,48246092.0
2010-04-12,13.64,13.59,13.69,13.41,4379229.0,59326184.0
2010-04-13,13.49,12.66,13.58,12.23,5023196.0,65062268.0
2010-04-14,12.49,12.43,12.53,12.22,3036780.0,37578560.0
2010-04-15,12.43,12.41,12.68,12.36,1844158.0,23039166.0
2010-04-16,12.41,12.42,12.52,12.24,1598892.0,19825704.0
2010-04-19,12.42,12.47,12.77,12.3,2888365.0,36363432.0
2010-04-20,12.51,12.85,12.85,12.33,2787967.0,35143392.0
2010-04-21,12.88,13.36,13.45,12.88,5484855.0,72667456.0
2010-04-22,13.33,13.1,13.34,13.05,3312659.0,43702796.0
2010-04-23,13.09,13.25,13.41,13.01,2507910.0,33158436.0
2010-04-26,13.35,12.78,13.35,12.75,2817695.0,36765864.0
2010-04-27,12.78,12.23,12.78,12.14,1960148.0,24121724.0
2010-04-28,11.83,11.46,12.13,11.28,1439204.0,16865362.0
2010-04-29,11.71,11.46,11.91,11.46,1098223.0,12813137.0
2010-04-30,11.35,10.82,11.45,10.71,1235391.0,13545860.0
2010-05-04,10.62,10.79,10.89,10.51,844066.0,9053129.0
2010-05-05,10.68,11.28,11.31,10.68,1230623.0,13633457.0
2010-05-06,11.31,10.89,11.45,10.82,1322121.0,14905173.0
2010-05-07,10.75,10.76,11.15,10.57,1258276.0,13665617.0
2010-05-10,10.76,10.33,10.91,10.1,1054048.0,11006306.0
2010-05-11,10.49,10.0,10.69,9.97,997166.0,10274640.0
2010-05-12,10.0,10.0,10.0,10.0,0.0,0.0
2010-05-13,9.97,10.07,10.07,9.32,1551900.0,15078777.0
2010-05-14,9.83,9.92,10.12,9.6,1223167.0,12125343.0
2010-05-17,9.81,8.93,9.84,8.93,1482998.0,13838037.0
2010-05-18,8.84,8.89,9.1,8.09,1846818.0,15968638.0
2010-05-19,8.53,8.85,9.02,8.53,1510440.0,13329330.0
2010-05-20,8.71,8.53,8.97,8.49,1278144.0,11168872.0
2010-05-21,8.2,8.78,8.82,8.2,1716420.0,14721438.0
2010-05-24,8.83,9.32,9.38,8.83,2532348.0,23313826.0
2010-05-25,9.25,10.09,10.14,9.17,5057839.0,49575844.0
2010-05-26,9.94,9.84,10.07,9.68,2992743.0,29493802.0
2010-05-27,9.74,9.98,10.04,9.64,2415992.0,23895870.0
2010-05-28,10.0,10.14,10.3,10.0,3152667.0,31982368.0
2010-05-31,10.18,9.63,10.18,9.63,1931116.0,19162552.0
2010-06-01,9.5,9.31,9.56,9.04,2142981.0,19891458.0
2010-06-02,9.33,9.35,9.38,8.84,1982141.0,18139546.0
2010-06-03,9.35,9.32,9.67,9.31,2045536.0,19402708.0
2010-06-04,9.25,9.37,9.43,9.07,1415050.0,13139804.0
2010-06-07,9.12,9.96,10.05,9.11,4122594.0,39821688.0
2010-06-08,9.84,10.29,10.44,9.84,5360256.0,54961924.0
2010-06-09,10.37,10.4,10.46,10.14,4426077.0,45676592.0
2010-06-10,10.4,11.44,11.44,10.4,5129827.0,57003272.0
2010-06-11,11.94,11.83,12.1,11.54,11877813.0,139415008.0
2010-06-17,12.0,13.01,13.01,11.86,13883730.0,177260464.0
2010-06-18,13.01,11.71,13.05,11.71,9072007.0,111855472.0
2010-06-21,11.28,11.98,12.04,10.89,7837974.0,89546712.0
2010-06-22,11.68,11.59,12.03,11.41,6207827.0,72352072.0
2010-06-23,11.37,11.45,11.75,11.22,4903762.0,56207344.0
2010-06-24,11.41,11.33,11.53,11.18,3645812.0,41320976.0
2010-06-25,11.33,10.95,11.33,10.69,4100398.0,44850808.0
2010-06-28,10.95,11.15,11.25,10.72,4135680.0,45854580.0
2010-06-29,11.12,10.19,11.15,10.04,4054075.0,42374872.0
2010-06-30,10.19,10.19,10.19,10.19,0.0,0.0
2010-07-01,10.04,10.1,10.3,9.92,3036994.0,30790240.0
2010-07-02,10.03,9.58,10.12,9.23,3698264.0,35275000.0
2010-07-05,9.38,9.41,9.54,9.18,2195901.0,20513036.0
2010-07-06,9.38,9.81,9.83,9.34,3585116.0,34721196.0
2010-07-07,9.9,10.13,10.25,9.73,3728926.0,37289116.0
2010-07-08,10.13,9.88,10.13,9.77,2876237.0,28553086.0
2010-07-09,9.82,10.17,10.33,9.65,3490965.0,35078704.0
2010-07-12,10.1,10.69,10.74,10.07,4294558.0,44553628.0
2010-07-13,10.55,10.46,10.62,10.25,3638544.0,37945308.0
2010-07-14,10.42,10.55,10.67,10.42,3172450.0,33387534.0
2010-07-15,10.69,10.02,10.72,10.0,3002622.0,31265764.0
2010-07-16,9.84,10.08,10.09,9.71,2160518.0,21376426.0
2010-07-19,9.92,10.57,10.64,9.83,3063079.0,31688944.0
2010-07-20,10.49,10.8,10.89,10.47,4352797.0,46684532.0
2010-07-21,10.8,10.7,10.88,10.63,3550683.0,38247380.0
2010-07-22,10.7,11.11,11.15,10.61,5107182.0,55793892.0
2010-07-23,11.09,11.14,11.14,10.84,4029776.0,44345316.0
2010-07-26,11.12,11.25,11.41,11.05,4221440.0,47410308.0
2010-07-27,11.23,11.03,11.26,10.99,3002194.0,33276638.0
2010-07-28,11.04,11.39,11.5,11.03,5073832.0,57554840.0
2010-07-29,11.39,11.3,11.41,11.16,3497728.0,39440252.0
2010-07-30,11.34,11.09,11.34,10.99,2613453.0,29091642.0
2010-08-02,11.1,11.2,11.27,11.05,2823461.0,31499990.0
2010-08-03,11.2,11.31,11.68,11.18,6101363.0,69726992.0
2010-08-04,11.13,11.28,11.28,10.96,2759057.0,30679128.0
2010-08-05,11.28,11.45,11.62,11.24,3811566.0,43599624.0
2010-08-06,11.45,11.8,11.92,11.45,5943427.0,69640568.0
2010-08-09,11.74,11.87,11.9,11.62,3915056.0,45969540.0
2010-08-10,11.86,11.14,11.86,11.11,3807530.0,43651488.0
2010-08-11,11.14,11.31,11.37,11.13,2048027.0,23031264.0
2010-08-12,11.09,11.03,11.26,11.03,2334142.0,26024052.0
2010-08-13,11.12,11.71,11.77,10.99,4080116.0,46727168.0
2010-08-16,11.58,12.27,12.41,11.58,7346072.0,88565752.0
2010-08-17,12.27,12.3,12.37,12.18,4990129.0,61225592.0
2010-08-18,12.22,12.06,12.26,12.0,3601316.0,43554384.0
2010-08-19,12.02,12.01,12.19,11.94,2695745.0,32454536.0
2010-08-20,12.0,11.52,12.0,11.51,2819073.0,33002400.0
2010-08-23,11.38,11.61,11.79,11.37,1574581.0,18330090.0
2010-08-24,11.56,12.48,12.71,11.45,6428029.0,78246720.0
2010-08-25,12.33,12.46,12.53,12.27,5500782.0,68136536.0
2010-08-26,12.5,12.86,12.99,12.27,9738300.0,123554624.0
2010-08-27,12.76,12.55,12.76,12.43,4511746.0,56785856.0
2010-08-30,12.63,12.7,12.84,12.4,3726619.0,47116736.0
2010-08-31,12.66,12.74,12.77,12.46,3527808.0,44483372.0
2010-09-01,12.74,12.86,13.09,12.4,5495685.0,70261576.0
2010-09-02,12.91,13.01,13.05,12.66,4992543.0,64216576.0
2010-09-03,12.96,13.24,13.41,12.89,5406248.0,71148096.0
2010-09-06,13.24,12.83,13.35,12.79,3626900.0,47124740.0
2010-09-07,12.82,12.91,12.99,12.46,2392159.0,30366064.0
2010-09-08,12.83,12.72,12.91,12.63,1972961.0,25098580.0
2010-09-09,12.72,12.72,12.72,12.72,0.0,0.0
2010-09-10,12.51,12.71,12.72,12.34,2334895.0,29304186.0
2010-09-13,12.72,12.99,13.11,12.59,2967265.0,38302408.0
2010-09-14,13.11,13.12,13.45,12.99,4121811.0,54573724.0
2010-09-15,13.02,12.71,13.31,12.71,2465747.0,32067436.0
2010-09-16,12.71,11.94,12.79,11.88,2784569.0,34007764.0
2010-09-17,11.96,11.96,12.19,11.82,1237774.0,14850368.0
2010-09-20,11.97,11.48,12.13,11.47,1656583.0,19399780.0
2010-09-21,11.49,11.51,11.58,11.39,961919.0,11056850.0
2010-09-27,11.68,11.91,11.96,11.56,1015259.0,11976458.0
2010-09-28,11.92,11.81,12.04,11.76,1161304.0,13811591.0
2010-09-29,11.81,11.57,11.9,11.52,1133800.0,13190044.0
2010-09-30,11.4,11.69,11.73,11.4,726167.0,8430833.0
2010-10-08,11.81,11.89,12.03,11.81,1334519.0,15940932.0
2010-10-11,11.91,12.02,12.13,11.84,1932703.0,23157960.0
2010-10-12,12.02,11.91,12.15,11.87,1689280.0,20199624.0
2010-10-13,12.04,12.0,12.08,11.73,2103610.0,24989968.0
2010-10-14,12.04,11.53,12.1,11.48,2290965.0,26823266.0
2010-10-15,11.49,11.35,11.69,11.32,1817367.0,20948778.0
2010-10-18,11.41,11.6,11.64,11.22,1871967.0,21308636.0
2010-10-19,11.6,11.94,12.01,11.49,2982577.0,35529564.0
2010-10-20,11.9,11.85,12.16,11.74,2401396.0,28690922.0
2010-10-21,11.92,12.0,12.13,11.76,2032972.0,24307910.0
2010-10-22,12.0,12.06,12.13,11.92,2217821.0,26665078.0
2010-10-25,12.06,12.53,12.62,12.06,3972196.0,49564600.0
2010-10-26,12.53,12.42,12.63,12.22,2541057.0,31392990.0
2010-10-27,12.5,12.1,12.51,12.04,2625008.0,32406068.0
2010-10-28,12.13,12.42,12.44,11.89,3807422.0,46520824.0
2010-10-29,12.43,12.56,12.99,12.42,6672673.0,85101184.0
2010-11-01,12.53,12.84,12.88,12.2,4696733.0,59334848.0
2010-11-02,12.87,12.58,13.25,12.53,4815030.0,62121852.0
2010-11-03,12.37,11.96,12.66,11.94,3146164.0,38599188.0
2010-11-04,11.96,12.59,12.59,11.96,2512181.0,30843286.0
2010-11-05,12.65,12.79,12.89,12.46,2868105.0,36362836.0
2010-11-08,13.11,12.94,13.11,12.61,3497951.0,45066520.0
2010-11-09,12.88,13.03,13.09,12.71,3564540.0,45876616.0
2010-11-10,13.03,13.22,13.43,12.93,5440466.0,71937512.0
2010-11-11,13.06,12.91,13.31,12.91,4395583.0,57733784.0
2010-11-12,12.86,11.79,13.08,11.77,3500960.0,43640828.0
2010-11-15,11.81,12.27,12.3,11.81,1680400.0,20172298.0
2010-11-16,12.38,11.97,12.59,11.87,2250228.0,27609066.0
2010-11-17,12.13,11.84,12.2,11.79,1167734.0,13955453.0
2010-11-18,12.04,12.23,12.23,11.83,1796548.0,21653646.0
2010-11-19,12.2,13.45,13.45,12.11,12554649.0,166919232.0
2010-11-22,14.1,14.75,14.79,13.86,21532019.0,313437152.0
2010-11-23,14.1,14.1,14.43,13.51,11768101.0,164305312.0
2010-11-24,14.1,14.59,15.09,13.77,11021189.0,159297968.0
2010-11-25,14.59,14.48,15.41,14.26,9904416.0,146617888.0
2010-11-26,14.18,14.65,14.86,13.89,7829763.0,112625600.0
2010-11-29,14.59,14.76,15.01,14.34,6569651.0,96614416.0
2010-11-30,14.71,14.01,15.01,13.54,5865429.0,83536288.0
2010-12-01,13.77,13.67,13.99,13.45,3559579.0,48697952.0
2010-12-02,13.77,13.77,14.09,13.63,3356627.0,46411532.0
2010-12-03,13.64,13.42,13.77,13.26,3050203.0,41007256.0
2010-12-06,13.13,12.92,13.38,12.79,3086296.0,40070244.0
2010-12-07,12.92,13.35,13.38,12.67,2926619.0,38298064.0
2010-12-08,13.28,13.09,13.4,13.0,2106576.0,27812102.0
2010-12-09,13.04,13.05,13.51,12.65,3846753.0,50704608.0
2010-12-10,12.86,13.25,13.28,12.66,2065668.0,27076336.0
2010-12-13,13.22,13.6,13.64,13.22,3259061.0,43918508.0
2010-12-14,13.64,13.83,13.83,13.48,3443156.0,46892700.0
2010-12-15,13.83,13.95,14.23,13.68,4805149.0,67376136.0
2010-12-16,13.93,13.53,13.93,13.45,3999635.0,54424796.0
2010-12-17,13.49,13.48,13.61,13.45,1531245.0,20658536.0
2010-12-20,13.52,12.92,13.64,12.83,2917672.0,38243904.0
2010-12-21,12.93,13.25,13.26,12.92,1640650.0,21459714.0
2010-12-22,13.24,13.1,13.24,12.98,1341349.0,17514108.0
2010-12-23,13.1,12.87,13.15,12.84,1331973.0,17237770.0
2010-12-24,12.94,12.65,12.94,12.33,1226858.0,15568259.0
2010-12-27,12.53,12.16,12.92,12.16,1066004.0,13404515.0
2010-12-28,12.15,11.99,12.32,11.92,941726.0,11398254.0
2010-12-29,11.99,12.32,12.32,11.99,856538.0,10446786.0
2010-12-30,12.33,12.32,12.5,12.13,761345.0,9369991.0
2010-12-31,12.43,12.51,12.56,12.25,1036140.0,12907902.0
2011-01-04,12.75,12.65,12.75,12.4,1284734.0,16182901.0
2011-01-05,12.64,12.63,12.76,12.5,1080489.0,13679503.0
2011-01-06,12.55,12.31,12.67,12.27,1228100.0,15230530.0
2011-01-07,12.27,12.15,12.42,12.13,1047305.0,12821434.0
2011-01-10,12.27,12.07,12.41,11.95,993094.0,12110965.0
2011-01-11,12.06,11.64,12.06,11.59,1283906.0,15035969.0
2011-01-12,11.64,11.79,11.87,11.64,609555.0,7153710.0
2011-01-13,11.79,11.94,11.98,11.79,678958.0,8092311.0
2011-01-14,11.96,11.74,11.96,11.71,517397.0,6092353.0
2011-01-17,11.62,11.09,11.64,11.09,774335.0,8716951.0
2011-01-18,11.08,10.86,11.08,10.7,671935.0,7279176.0
2011-01-19,10.86,11.15,11.28,10.84,847557.0,9401392.0
2011-01-20,11.14,10.56,11.14,10.56,793425.0,8651509.0
2011-01-21,10.56,10.61,10.82,10.49,719216.0,7670512.0
2011-01-24,10.69,11.0,11.12,10.69,1037659.0,11297913.0
2011-01-25,10.89,10.84,11.04,10.69,477523.0,5168436.0
2011-01-26,10.84,10.94,11.09,10.79,466407.0,5126277.0
2011-01-27,10.76,11.01,11.11,10.74,745032.0,8193986.0
2011-01-28,11.01,11.19,11.2,10.95,858157.0,9526641.0
2011-01-31,11.19,11.19,11.27,11.02,1012070.0,11295316.0
2011-02-01,11.18,11.11,11.18,10.93,575729.0,6368719.0
2011-02-09,11.11,10.95,11.11,10.89,583244.0,6405699.0
2011-02-10,11.14,11.29,11.31,10.95,910015.0,10147226.0
2011-02-11,11.29,11.41,11.48,11.22,1294523.0,14723624.0
2011-02-14,11.41,11.5,11.62,11.38,1209582.0,13868830.0
2011-02-15,11.48,11.52,11.68,11.41,1185939.0,13678231.0
2011-02-16,11.5,11.95,11.96,11.42,2119626.0,24925610.0
2011-02-17,11.95,11.79,12.11,11.71,1416252.0,16786700.0
2011-02-18,11.79,11.56,11.79,11.51,1029424.0,11950592.0
2011-02-21,11.48,11.77,11.81,11.43,1091905.0,12760142.0
2011-02-22,11.74,11.6,11.87,11.55,1272728.0,14892837.0
2011-02-23,11.54,11.91,11.94,11.54,1405171.0,16548485.0
2011-02-24,13.11,13.11,13.11,13.11,4141097.0,54270076.0
2011-02-25,14.42,14.42,14.42,14.04,12092668.0,174133136.0
2011-02-28,15.04,15.86,15.86,14.83,21390128.0,330971104.0
2011-03-01,15.73,15.9,16.02,15.33,13771659.0,216069632.0
2011-03-02,15.74,15.61,16.2,15.48,10758476.0,169460784.0
2011-03-03,15.69,14.7,15.69,14.63,14545608.0,218974816.0
2011-03-04,14.62,14.74,14.88,14.44,6396177.0,93689968.0
2011-03-07,14.75,14.74,14.93,14.35,7580813.0,110936984.0
2011-03-08,14.59,15.06,15.08,14.54,9020787.0,133488152.0
2011-03-09,14.95,14.73,15.02,14.63,5594516.0,82737696.0
2011-03-10,14.71,14.51,14.95,14.44,5222014.0,76779040.0
2011-03-11,14.46,14.76,15.25,14.46,9950432.0,147455584.0
2011-03-14,14.69,14.76,15.41,14.69,7736555.0,116174792.0
2011-03-15,14.76,14.76,14.76,14.76,0.0,0.0
2011-03-16,14.48,14.77,14.82,14.14,5866344.0,84873792.0
2011-03-17,14.65,14.17,14.65,14.03,4418707.0,63315312.0
2011-03-18,14.27,14.57,14.63,14.1,4025887.0,58041276.0
2011-03-21,14.43,14.29,14.57,14.14,2538445.0,36345736.0
2011-03-22,14.25,13.82,14.36,13.61,3612284.0,50043548.0
2011-03-23,13.74,13.89,14.04,13.72,2719704.0,37776860.0
2011-03-24,13.95,14.0,14.12,13.84,2842488.0,39772772.0
2011-03-25,13.97,14.06,14.07,13.8,3690621.0,51379924.0
2011-03-28,14.07,13.92,14.33,13.91,3903158.0,55020988.0
2011-03-29,13.89,13.14,13.89,13.12,5365977.0,71643464.0
2011-03-30,13.19,12.92,13.24,12.91,2976698.0,38727240.0
2011-03-31,12.84,13.06,13.24,12.8,2151196.0,28073056.0
2011-04-01,13.07,13.18,13.25,12.99,1847424.0,24268020.0
2011-04-06,13.18,13.0,13.18,12.8,2193568.0,28430012.0
2011-04-07,12.97,13.28,13.34,12.93,2124209.0,27926444.0
2011-04-08,13.28,13.35,13.36,13.18,2055766.0,27330496.0
2011-04-11,13.35,12.86,13.43,12.84,2662308.0,34794940.0
2011-04-12,12.82,12.92,13.07,12.78,1430805.0,18476100.0
2011-04-13,12.86,13.2,13.26,12.82,1891851.0,24859414.0
2011-04-14,13.2,13.05,13.31,12.97,1852803.0,24262020.0
2011-04-15,13.19,12.98,13.22,12.84,1746837.0,22715328.0
2011-04-18,12.9,12.36,12.99,12.33,3388798.0,42365940.0
2011-04-19,12.36,12.35,12.59,12.27,1946856.0,24172872.0
2011-04-20,12.36,12.53,12.53,12.32,1664926.0,20721572.0
2011-04-21,12.53,12.53,12.53,12.53,0.0,0.0
2011-04-22,12.33,12.14,12.33,11.97,2632193.0,31812590.0
2011-04-25,11.98,12.03,12.13,11.92,1310158.0,15750680.0
2011-04-26,11.98,11.69,12.1,11.63,1670003.0,19707686.0
2011-04-27,11.79,11.58,11.89,11.54,1005194.0,11741171.0
2011-04-28,11.6,11.58,11.8,11.49,1072384.0,12453449.0
2011-04-29,11.65,11.83,11.9,11.56,1102145.0,12964254.0
2011-05-03,11.83,11.9,11.95,11.61,1153214.0,13604894.0
2011-05-04,11.9,12.2,12.25,11.7,1985152.0,23687782.0
2011-05-05,12.13,12.11,12.23,12.0,1382260.0,16756438.0
2011-05-06,12.11,12.1,12.16,11.64,1794527.0,21476426.0
2011-05-09,12.06,12.29,12.38,12.03,1607937.0,19639018.0
2011-05-10,12.38,12.59,12.72,12.38,3300431.0,41528352.0
2011-05-11,12.51,12.32,12.51,12.29,1639932.0,20309964.0
2011-05-12,12.26,11.99,12.5,11.98,1655706.0,20312450.0
2011-05-13,11.99,12.03,12.07,11.83,1320949.0,15795676.0
2011-05-16,11.99,11.86,12.07,11.84,1002642.0,11998172.0
2011-05-17,11.85,11.87,11.96,11.45,1535025.0,17989764.0
2011-05-18,11.83,11.72,11.87,11.68,833592.0,9802820.0
2011-05-19,11.72,11.96,12.02,11.68,1626106.0,19391288.0
2011-05-20,11.99,12.07,12.09,11.9,1244927.0,14966529.0
2011-05-23,12.07,11.27,12.17,11.25,1686513.0,19716184.0
2011-05-24,11.25,11.1,11.33,10.88,1097060.0,12126130.0
2011-05-25,11.12,10.94,11.19,10.89,734471.0,8110546.0
2011-05-26,10.96,10.71,11.1,10.71,696853.0,7611126.0
2011-05-27,10.8,10.67,10.86,10.58,874553.0,9354772.0
2011-05-30,10.61,10.63,10.77,10.51,569951.0,6080977.0
2011-05-31,10.64,10.96,11.0,10.64,731525.0,7893613.0
2011-06-01,11.1,10.99,11.1,10.82,623947.0,6812970.0
2011-06-02,10.86,10.61,10.88,10.6,744034.0,7960903.0
2011-06-03,10.71,11.06,11.15,10.65,1197608.0,13110251.0
2011-06-07,11.04,11.07,11.14,10.94,752891.0,8335641.0
2011-06-08,11.07,11.04,11.07,10.77,606433.0,6636501.0
2011-06-09,11.04,10.76,11.04,10.76,685617.0,7444754.0
2011-06-10,10.69,10.83,10.84,10.68,490272.0,5267744.0
2011-06-13,10.83,10.59,10.83,10.44,878378.0,9258713.0
2011-06-14,10.51,10.77,10.8,10.51,628099.0,6738970.0
2011-06-15,10.71,10.71,10.88,10.65,696936.0,7524579.0
2011-06-16,10.59,10.54,10.73,10.53,667050.0,7077447.0
2011-06-17,10.51,9.93,10.63,9.92,1336715.0,13695587.0
2011-06-20,9.92,9.65,9.99,9.6,862042.0,8367919.0
2011-06-21,9.65,9.79,9.91,9.65,652412.0,6364850.0
2011-06-22,9.71,9.89,9.91,9.71,538124.0,5283610.0
2011-06-23,9.95,10.2,10.24,9.95,1141240.0,11540944.0
2011-06-24,10.02,10.5,10.59,10.02,2060884.0,21403362.0
2011-06-27,10.71,10.67,10.79,10.51,1746689.0,18625742.0
2011-06-28,10.67,11.73,11.73,10.38,4235787.0,47939388.0
2011-06-29,11.8,11.31,11.88,11.12,5813488.0,66503404.0
2011-06-30,11.23,11.51,12.03,11.19,3276828.0,37461656.0
2011-07-01,11.49,11.21,11.63,11.19,3098040.0,35397816.0
2011-07-04,11.23,11.41,11.43,11.14,1733231.0,19622432.0
2011-07-05,11.39,11.41,11.51,11.29,1545150.0,17597266.0
2011-07-06,11.5,11.53,11.8,11.43,2718271.0,31537024.0
2011-07-07,11.41,11.33,11.58,11.31,2038574.0,23378872.0
2011-07-08,11.35,11.17,11.42,11.16,1316826.0,14843456.0
2011-07-11,11.04,11.21,11.27,11.0,942956.0,10505202.0
2011-07-12,11.16,10.94,11.19,10.92,949202.0,10489193.0
2011-07-13,10.97,12.03,12.03,10.97,8469433.0,100240144.0
2011-07-14,12.09,12.4,12.61,12.04,12335838.0,151401600.0
2011-07-15,12.29,12.19,12.33,12.15,5248925.0,64155884.0
2011-07-18,12.16,12.29,12.46,12.09,4017311.0,49144580.0
2011-07-19,12.21,12.01,12.25,11.96,2338713.0,28179754.0
2011-07-20,12.02,12.02,12.15,11.84,1926361.0,23087712.0
2011-07-21,12.1,11.88,12.14,11.87,1551490.0,18575946.0
2011-07-22,11.9,11.66,11.97,11.62,1841049.0,21707762.0
2011-07-25,11.71,11.38,11.93,11.35,2168059.0,25261316.0
2011-07-26,11.3,11.27,11.48,11.01,1750843.0,19546244.0
2011-07-27,11.14,11.37,11.56,11.02,1978492.0,22498426.0
2011-07-28,11.23,11.38,11.61,11.17,1947499.0,22271308.0
2011-07-29,11.3,10.67,11.36,10.53,4227009.0,45685380.0
2011-08-01,10.57,10.6,10.64,10.39,1718156.0,18103612.0
2011-08-02,10.6,10.31,10.6,10.12,1703203.0,17468050.0
2011-08-03,10.22,10.4,10.47,10.14,1342717.0,13950286.0
2011-08-04,10.47,10.63,10.63,10.39,1432015.0,15102668.0
2011-08-05,10.34,10.35,10.4,9.85,1129204.0,11574406.0
2011-08-08,10.03,9.43,10.24,9.31,2433945.0,23500748.0
2011-08-09,9.25,9.45,9.54,8.8,2093026.0,19195380.0
2011-08-10,9.62,9.54,9.85,9.5,1723614.0,16703806.0
2011-08-11,9.25,9.79,9.9,9.09,2024032.0,19562244.0
2011-08-12,9.9,9.86,10.14,9.8,1872833.0,18640034.0
2011-08-15,10.1,10.08,10.1,9.93,1179447.0,11833091.0
2011-08-16,10.15,9.93,10.15,9.79,1334297.0,13349990.0
2011-08-17,9.83,9.75,9.98,9.72,837487.0,8224033.0
2011-08-18,9.84,9.75,10.03,9.71,1152513.0,11349031.0
2011-08-19,9.48,10.73,10.73,9.33,6703987.0,69295144.0
2011-08-22,10.61,10.39,10.77,10.32,4584562.0,48090312.0
2011-08-23,10.35,10.53,10.63,10.3,3157625.0,33015306.0
2011-08-24,10.53,10.79,10.97,10.45,6153290.0,66194312.0
2011-08-25,10.8,10.77,10.8,10.38,3960626.0,42028556.0
2011-08-26,10.64,10.63,10.74,10.53,2161462.0,22992206.0
2011-08-29,10.63,10.38,10.63,10.38,1567206.0,16350717.0
2011-08-30,10.51,10.55,11.15,10.41,4959445.0,53674096.0
2011-08-31,10.57,10.32,10.69,10.26,2125528.0,22085856.0
2011-09-01,10.41,10.4,10.44,10.26,1262959.0,13077222.0
2011-09-02,10.39,10.29,10.4,10.18,967138.0,9939415.0
2011-09-05,10.24,9.85,10.29,9.83,1186017.0,11827241.0
2011-09-06,9.91,9.91,10.01,9.81,687174.0,6806982.0
2011-09-07,9.9,10.15,10.16,9.9,944561.0,9508130.0
2011-09-08,10.16,9.98,10.23,9.93,909606.0,9185762.0
2011-09-09,10.08,10.0,10.19,9.93,603602.0,6055937.0
2011-09-13,9.95,9.69,9.95,9.66,781774.0,7618214.0
2011-09-14,9.87,9.85,9.87,9.63,648228.0,6321714.0
2011-09-15,9.95,10.83,10.83,9.85,4716589.0,50634716.0
2011-09-16,11.05,10.62,11.05,10.53,6555419.0,70554624.0
2011-09-19,10.38,10.51,10.69,10.33,3322294.0,34911836.0
2011-09-20,10.42,10.6,10.74,10.39,2758778.0,29212600.0
2011-09-21,10.51,10.87,10.9,10.44,4773681.0,51370776.0
2011-09-22,10.77,10.43,10.88,10.38,3171786.0,33704824.0
2011-09-23,10.15,10.27,10.36,9.87,2036077.0,20660672.0
2011-09-26,10.31,10.22,10.55,10.14,1163500.0,12036522.0
2011-09-27,10.31,10.25,10.41,10.07,938675.0,9607431.0
2011-09-28,10.33,10.56,11.1,10.33,4328298.0,46696604.0
2011-09-29,10.24,9.69,10.24,9.66,2383735.0,23819448.0
2011-09-30,9.69,9.64,9.89,9.58,1326863.0,12894073.0
2011-10-10,9.88,9.78,9.88,9.66,644864.0,6289694.0
2011-10-11,10.04,9.71,10.16,9.64,999477.0,9903502.0
2011-10-12,9.8,10.25,10.35,9.7,1652043.0,16673223.0
2011-10-13,10.14,10.41,10.44,10.08,1941948.0,20061882.0
2011-10-14,10.31,10.28,10.54,10.18,1226657.0,12639976.0
2011-10-17,10.29,10.21,10.42,10.09,1335735.0,13637108.0
2011-10-18,10.14,10.44,10.92,10.08,5689158.0,60343284.0
2011-10-19,10.21,9.81,10.34,9.5,3698049.0,36591076.0
2011-10-20,9.61,9.62,9.73,9.57,1573550.0,15149866.0
2011-10-21,9.71,9.41,9.81,9.41,1165253.0,11229318.0
2011-10-24,9.41,9.55,9.81,9.04,1258421.0,11857920.0
2011-10-25,9.56,9.78,9.85,9.45,1788098.0,17387980.0
2011-10-26,9.66,9.78,9.95,9.6,1852995.0,18215926.0
2011-10-27,9.78,9.69,9.95,9.62,1307538.0,12768357.0
2011-10-28,9.81,9.93,9.93,9.68,1877691.0,18443208.0
2011-10-31,9.99,10.08,10.1,9.83,2027549.0,20187546.0
2011-11-01,9.97,9.95,10.22,9.85,1980028.0,19857462.0
2011-11-02,9.75,10.22,10.54,9.75,3605027.0,36737536.0
2011-11-03,10.55,10.28,10.55,10.22,4071555.0,42187444.0
2011-11-04,10.28,10.32,10.5,10.17,2924684.0,30185674.0
2011-11-07,10.31,10.3,10.47,10.21,2041712.0,21118354.0
2011-11-08,10.18,10.35,10.55,10.18,3231386.0,33725036.0
2011-11-09,10.35,10.46,10.47,10.14,2365367.0,24420936.0
2011-11-10,10.34,10.4,10.67,10.31,2725689.0,28521796.0
2011-11-11,10.4,10.4,10.4,10.4,0.0,0.0
2011-11-14,10.46,10.63,10.7,10.41,3208172.0,33814060.0
2011-11-15,10.63,10.82,11.03,10.51,4029224.0,43644768.0
2011-11-16,10.71,10.31,10.82,10.28,2834702.0,29835658.0
2011-11-17,10.41,10.25,10.48,10.23,1597505.0,16510102.0
2011-11-18,10.26,9.91,10.41,9.91,1688290.0,17127194.0
2011-11-21,9.95,10.04,10.04,9.79,683886.0,6785113.0
2011-11-22,10.03,9.95,10.03,9.79,759451.0,7519132.0
2011-11-23,9.95,9.94,10.03,9.82,639813.0,6349760.0
2011-11-24,9.89,9.91,10.01,9.71,683876.0,6762032.0
2011-11-25,9.98,9.75,9.98,9.75,646101.0,6343873.0
2011-11-28,9.83,9.73,9.83,9.65,570860.0,5543785.0
2011-11-29,9.9,9.83,9.9,9.7,775712.0,7592951.0
2011-11-30,9.84,9.23,9.9,9.12,1286135.0,12129611.0
2011-12-01,9.42,9.36,9.58,9.34,1029897.0,9743224.0
2011-12-02,9.28,9.42,9.91,9.25,1222164.0,11733907.0
2011-12-05,9.45,9.03,9.45,9.01,839873.0,7707331.0
2011-12-06,9.03,9.11,9.12,8.81,745632.0,6665125.0
2011-12-07,9.03,9.11,9.19,8.96,437328.0,3978400.0
2011-12-08,9.09,9.13,9.21,8.91,637736.0,5792177.0
2011-12-09,9.09,8.91,9.17,8.86,614073.0,5510698.0
2011-12-12,8.92,8.59,8.97,8.56,804024.0,6984193.0
2011-12-13,8.58,8.12,8.58,8.12,1003894.0,8277626.0
2011-12-14,8.19,7.9,8.19,7.83,670105.0,5350214.0
2011-12-15,7.86,7.26,7.86,7.15,1212354.0,9018094.0
2011-12-16,7.2,7.39,7.45,7.08,775438.0,5656961.0
2011-12-19,7.4,7.59,7.61,7.19,1279356.0,9547759.0
2011-12-20,7.5,7.49,7.67,7.45,834158.0,6315519.0
2011-12-21,7.55,7.42,7.83,7.41,1062821.0,8111068.0
2011-12-22,7.28,7.11,7.36,6.82,997051.0,6982751.0
2011-12-23,7.04,7.13,7.24,6.95,559735.0,4001301.0
2011-12-26,7.01,7.06,7.2,6.99,284721.0,2025727.0
2011-12-27,7.01,6.79,7.05,6.75,379154.0,2623257.0
2011-12-28,6.74,6.57,6.74,6.32,719642.0,4667958.0
2011-12-29,6.52,6.56,6.63,6.44,417712.0,2735524.0
2011-12-30,6.56,6.66,6.71,6.56,343421.0,2287685.0
2012-01-04,6.75,6.41,6.78,6.41,454597.0,3002783.0
2012-01-05,6.34,5.95,6.43,5.82,634964.0,3876674.0
2012-01-06,5.93,6.01,6.03,5.76,452128.0,2660817.0
2012-01-09,6.02,6.31,6.34,5.86,633002.0,3926840.0
2012-01-10,6.28,6.67,6.71,6.25,1038979.0,6800116.0
2012-01-11,6.65,7.18,7.34,6.65,3282484.0,23614384.0
2012-01-12,7.07,7.01,7.26,6.87,2249157.0,15840568.0
2012-01-13,6.9,6.6,6.99,6.56,1198991.0,8043221.0
2012-01-16,6.54,6.3,6.54,6.28,702185.0,4461525.0
2012-01-17,6.29,6.72,6.8,6.24,883745.0,5751707.0
2012-01-18,6.71,6.84,7.22,6.68,3528738.0,24460772.0
2012-01-19,6.67,6.71,6.8,6.41,2441095.0,16260527.0
2012-01-20,6.6,6.56,6.78,6.44,1602918.0,10537800.0
2012-01-30,6.73,6.54,6.73,6.52,718137.0,4738182.0
2012-01-31,6.6,6.51,6.61,6.44,505713.0,3284176.0
2012-02-01,6.48,6.38,6.57,6.37,520319.0,3355322.0
2012-02-02,6.4,6.52,6.54,6.4,477299.0,3089313.0
2012-02-03,6.53,6.76,6.82,6.53,1509712.0,10104655.0
2012-02-06,6.81,6.85,6.87,6.71,1768844.0,12017088.0
2012-02-07,6.81,6.63,6.81,6.58,980205.0,6537959.0
2012-02-08,6.63,6.97,7.04,6.56,2688882.0,18543380.0
2012-02-09,6.94,6.98,7.21,6.89,2864743.0,20221976.0
2012-02-10,6.91,6.95,7.1,6.85,1892090.0,13223430.0
2012-02-13,6.95,7.64,7.64,6.87,6022149.0,44812816.0
2012-02-14,7.73,8.41,8.41,7.65,12132499.0,98086168.0
2012-02-15,8.39,8.84,9.19,8.17,12271647.0,104297784.0
2012-02-16,8.71,8.65,8.76,8.47,9012935.0,77424760.0
2012-02-17,8.66,8.6,8.66,8.44,6173138.0,52759748.0
2012-02-20,8.63,8.54,8.83,8.52,7474038.0,64669488.0
2012-02-21,8.58,8.7,8.74,8.33,6762939.0,58117520.0
2012-02-22,8.59,8.8,9.07,8.52,9737357.0,85174368.0
2012-02-23,8.74,8.97,9.09,8.61,8876028.0,78500008.0
2012-02-24,8.97,8.86,9.01,8.69,6201027.0,54789264.0
2012-02-27,8.79,8.79,8.99,8.72,5695467.0,50324340.0
2012-02-28,8.71,9.02,9.07,8.39,9547398.0,83487032.0
2012-02-29,9.05,8.37,9.05,8.37,6949985.0,59720200.0
2012-03-01,8.33,8.41,8.55,8.22,3234791.0,27285460.0
2012-03-02,8.39,8.51,8.55,8.37,3712157.0,31393094.0
2012-03-05,8.52,8.47,8.64,8.39,3472270.0,29467798.0
2012-03-06,8.47,8.65,8.7,8.33,6239053.0,53570932.0
2012-03-07,8.59,8.64,8.91,8.54,7138170.0,62330076.0
2012-03-08,8.62,8.76,8.77,8.47,5131287.0,44335648.0
2012-03-09,8.76,8.92,8.97,8.68,6702626.0,59035644.0
2012-03-12,9.01,8.93,9.38,8.92,9886631.0,89989976.0
2012-03-13,8.79,8.87,8.88,8.59,6037227.0,52683828.0
2012-03-14,8.89,8.32,8.91,7.98,6408172.0,54965408.0
2012-03-15,8.26,8.41,8.54,7.65,8994200.0,72199440.0
2012-03-16,8.23,8.27,8.42,7.94,5515494.0,45505868.0
2012-03-19,8.16,8.16,8.25,8.02,3385721.0,27458848.0
2012-03-20,8.1,8.0,8.31,8.0,3436451.0,28094084.0
2012-03-21,8.0,7.89,8.09,7.75,2737864.0,21675628.0
2012-03-22,7.89,7.78,7.9,7.67,2051946.0,15957799.0
2012-03-23,7.76,7.78,7.93,7.7,1862661.0,14560873.0
2012-03-26,7.83,7.88,7.96,7.79,1892948.0,14937070.0
2012-03-27,7.93,7.87,7.98,7.8,1894760.0,14902899.0
2012-03-28,7.84,7.28,7.84,7.2,3293823.0,24884918.0
2012-03-29,7.3,6.91,7.35,6.75,2177923.0,15269829.0
2012-03-30,6.88,6.64,7.0,6.59,2022148.0,13613447.0
2012-04-05,6.64,6.86,6.9,6.64,1928923.0,13106287.0
2012-04-06,6.86,6.86,6.86,6.86,0.0,0.0
2012-04-09,6.87,6.95,7.1,6.86,2181344.0,15242939.0
2012-04-10,6.95,7.08,7.08,6.72,1758701.0,12128758.0
2012-04-11,7.01,7.12,7.17,6.89,1858507.0,13149553.0
2012-04-12,7.14,7.44,7.53,7.14,3357955.0,24948290.0
2012-04-13,7.39,7.41,7.52,7.34,1857616.0,13785543.0
2012-04-16,7.38,7.47,7.53,7.35,1579928.0,11772196.0
2012-04-17,7.47,7.19,7.52,7.19,1692550.0,12428120.0
2012-04-18,7.2,7.37,7.39,7.06,2111298.0,15326116.0
2012-04-19,7.36,7.34,7.39,7.29,1349606.0,9920207.0
2012-04-20,7.4,7.65,7.73,7.4,3962690.0,30266894.0
2012-04-23,7.6,7.38,7.71,7.34,2364548.0,17680922.0
2012-04-24,7.34,7.34,7.41,7.08,1531275.0,11103612.0
2012-04-25,7.27,7.52,7.52,7.21,1884887.0,14022445.0
2012-04-26,7.55,7.33,7.6,7.3,1296372.0,9564015.0
2012-04-27,7.33,7.4,7.43,7.29,884177.0,6511098.0
2012-05-02,7.48,7.4,7.55,7.33,1433955.0,10607217.0
2012-05-03,7.45,7.33,7.45,7.24,1090273.0,7981354.0
2012-05-04,7.28,7.47,7.68,7.28,2299876.0,17232898.0
2012-05-07,7.43,7.52,7.54,7.27,1715000.0,12672175.0
2012-05-08,7.5,7.68,7.74,7.5,2670968.0,20323880.0
2012-05-09,7.71,7.44,7.72,7.42,1721194.0,12930487.0
2012-05-10,7.45,7.71,7.77,7.45,1750906.0,13281150.0
2012-05-11,7.63,7.67,7.79,7.63,2548696.0,19655496.0
2012-05-14,7.73,7.84,7.97,7.65,3999305.0,31260914.0
2012-05-15,7.81,7.97,7.97,7.71,3722446.0,29333962.0
2012-05-16,8.0,7.71,8.0,7.7,2320253.0,18245064.0
2012-05-17,7.72,7.95,7.96,7.6,3153736.0,24603702.0
2012-05-18,7.85,8.0,8.05,7.77,3303102.0,26164956.0
2012-05-21,7.96,7.97,8.14,7.82,3184700.0,25218094.0
2012-05-22,7.95,7.77,8.13,7.65,3245562.0,25398354.0
2012-05-23,7.77,7.77,7.77,7.77,0.0,0.0
2012-05-24,7.62,7.61,7.75,7.47,2141793.0,16191098.0
2012-05-25,7.63,7.5,7.63,7.27,1873964.0,13829351.0
2012-05-28,7.32,7.84,8.0,7.3,2363517.0,17943324.0
2012-05-29,7.73,7.82,8.09,7.71,4333215.0,33836172.0
2012-05-30,7.79,7.71,7.79,7.65,2037416.0,15708412.0
2012-05-31,7.67,7.8,7.9,7.61,2294930.0,17902252.0
2012-06-01,7.78,7.68,7.86,7.67,1465525.0,11371037.0
2012-06-04,7.55,7.16,7.55,7.16,2524514.0,18617112.0
2012-06-05,7.3,7.17,7.3,7.13,1021280.0,7332771.0
2012-06-06,7.2,7.11,7.26,7.07,1096984.0,7868616.0
2012-06-07,7.2,7.03,7.2,7.01,708160.0,5022105.0
2012-06-08,7.1,6.89,7.1,6.8,1065057.0,7391989.0
2012-06-11,6.89,7.08,7.09,6.8,1235715.0,8593142.0
2012-06-12,7.06,7.0,7.14,6.96,654583.0,4594890.0
2012-06-13,7.0,7.1,7.12,7.0,752983.0,5328712.0
2012-06-14,7.1,7.05,7.17,7.04,755158.0,5359016.0
2012-06-15,7.09,7.13,7.16,6.99,1342830.0,9506023.0
2012-06-18,7.1,7.16,7.21,7.07,999421.0,7152258.0
2012-06-19,7.18,7.13,7.18,7.11,850847.0,6080533.0
2012-06-20,7.13,7.19,7.23,7.13,1093434.0,7860527.0
2012-06-21,7.15,7.0,7.15,6.95,1104638.0,7778987.0
2012-06-25,6.96,6.72,6.97,6.71,591960.0,4045582.0
2012-06-26,6.64,6.7,6.79,6.6,533645.0,3560428.0
2012-06-27,6.7,6.69,6.83,6.63,478924.0,3231398.0
2012-06-28,6.65,6.6,6.73,6.57,638485.0,4248756.0
2012-06-29,6.68,6.63,6.68,6.49,499581.0,3291581.0
2012-07-02,6.7,6.74,6.85,6.63,558114.0,3776277.0
2012-07-03,6.73,6.75,6.86,6.7,634041.0,4296552.0
2012-07-04,6.71,7.03,7.3,6.63,1954383.0,13632596.0
2012-07-05,6.98,6.81,7.1,6.81,1352126.0,9389711.0
2012-07-06,6.81,6.83,6.91,6.66,878758.0,5953065.0
2012-07-09,6.83,6.55,6.89,6.55,800169.0,5363057.0
2012-07-10,6.5,6.55,6.6,6.5,540234.0,3538302.0
2012-07-11,6.53,6.58,6.65,6.53,454488.0,2990891.0
2012-07-12,6.6,6.53,6.62,6.33,1355021.0,8765073.0
2012-07-13,6.46,6.29,6.53,6.28,961972.0,6153339.0
2012-07-16,6.29,5.66,6.36,5.66,2065500.0,12095900.0
2012-07-17,5.68,5.7,5.75,5.55,889667.0,5019612.0
2012-07-18,5.72,5.88,5.88,5.6,764195.0,4372189.0
2012-07-19,5.85,5.9,6.0,5.8,724790.0,4286815.0
2012-07-20,5.84,5.88,5.97,5.84,601346.0,3551590.0
2012-07-23,5.81,5.74,5.88,5.7,501363.0,2893805.0
2012-07-24,5.7,5.94,6.1,5.7,1099010.0,6507710.0
2012-07-25,5.93,6.04,6.17,5.86,1798839.0,10854820.0
2012-07-26,6.0,5.94,6.05,5.93,753902.0,4507521.0
2012-07-27,5.92,5.86,5.99,5.85,469245.0,2768344.0
2012-07-30,5.84,5.6,5.84,5.56,845686.0,4782360.0
2012-07-31,5.57,5.53,5.65,5.5,573382.0,3180188.0
2012-08-01,5.53,5.61,5.65,5.53,467246.0,2617693.0
2012-08-02,5.56,5.56,5.63,5.52,523416.0,2920760.0
2012-08-03,5.56,5.72,5.74,5.52,897316.0,5052512.0
2012-08-06,5.66,5.85,5.87,5.66,800394.0,4621419.0
2012-08-07,5.88,5.89,5.95,5.81,880849.0,5180416.0
2012-08-08,5.89,5.91,5.96,5.8,895414.0,5270057.0
2012-08-09,5.86,6.02,6.06,5.84,1392202.0,8316999.0
2012-08-10,6.06,5.98,6.06,5.95,725107.0,4349617.0
2012-08-13,5.93,5.79,6.02,5.78,800921.0,4702610.0
2012-08-14,5.78,5.86,5.87,5.68,623267.0,3606507.0
2012-08-15,5.88,6.45,6.45,5.82,4703061.0,29836608.0
2012-08-16,6.5,7.1,7.1,6.48,17204800.0,119517952.0
2012-08-17,6.95,6.83,6.95,6.6,9263570.0,62807488.0
2012-08-20,6.79,6.87,6.87,6.55,6230247.0,41928780.0
2012-08-21,6.78,7.34,7.5,6.75,11243696.0,81630792.0
2012-08-22,7.15,7.13,7.31,7.02,7925570.0,56645540.0
2012-08-23,7.03,7.2,7.28,6.9,6497366.0,46064320.0
2012-08-24,7.13,6.63,7.13,6.58,5107504.0,34931280.0
2012-08-27,6.53,6.37,6.58,6.24,4196656.0,26813426.0
2012-08-28,6.28,6.51,6.55,6.26,4347921.0,27923462.0
2012-08-29,6.45,6.55,6.8,6.3,5387215.0,35528744.0
2012-08-30,6.45,5.9,6.48,5.9,6182521.0,37700640.0
2012-08-31,5.9,6.05,6.07,5.8,3344167.0,19988502.0
2012-09-03,6.04,6.16,6.18,5.91,2556952.0,15577270.0
2012-09-04,6.26,6.22,6.49,6.18,4645627.0,29401724.0
2012-09-05,6.08,6.75,6.79,6.06,7893092.0,51264040.0
2012-09-06,6.6,6.98,7.21,6.54,9004445.0,61939472.0
2012-09-07,6.93,7.04,7.21,6.82,8629207.0,60557984.0
2012-09-10,6.98,7.07,7.16,6.89,5371654.0,37795312.0
2012-09-11,7.05,7.03,7.19,6.96,3982156.0,28196712.0
2012-09-12,7.04,6.89,7.09,6.8,4026121.0,27734160.0
2012-09-13,6.88,6.78,6.98,6.78,2076471.0,14295753.0
2012-09-14,6.86,6.72,6.87,6.6,2458835.0,16504592.0
2012-09-17,6.67,6.33,6.74,6.3,2477898.0,16022780.0
2012-09-18,6.28,6.46,6.46,6.23,1424062.0,9110693.0
2012-09-19,6.5,6.61,6.66,6.46,2111468.0,13919568.0
2012-09-20,6.61,6.17,6.61,6.11,1987235.0,12565039.0
2012-09-21,6.15,6.21,6.33,6.15,1293461.0,8069224.0
2012-09-24,6.21,6.41,6.5,6.11,1607497.0,10164797.0
2012-09-25,6.37,6.31,6.46,6.26,1271152.0,8113429.0
2012-09-26,6.28,6.0,6.38,6.0,1194705.0,7343569.0
2012-09-27,6.05,6.17,6.24,6.01,1213287.0,7443595.0
2012-09-28,6.18,6.26,6.27,6.12,997466.0,6207151.0
2012-10-08,6.26,6.34,6.4,6.22,1314388.0,8297423.0
2012-10-09,6.34,6.48,6.51,6.34,1822816.0,11745691.0
2012-10-10,6.47,6.55,6.58,6.43,1819757.0,11858861.0
2012-10-11,6.56,6.33,6.56,6.32,1637733.0,10546340.0
2012-10-12,6.42,6.28,6.42,6.19,994888.0,6273585.0
2012-10-15,6.29,6.21,6.3,6.1,976437.0,6054476.0
2012-10-16,6.2,6.26,6.36,6.2,960553.0,6039497.0
2012-10-17,6.28,6.25,6.33,6.1,1010223.0,6293060.0
2012-10-18,6.25,6.4,6.4,6.19,1326351.0,8414686.0
2012-10-19,6.43,6.5,6.53,6.37,2638735.0,17071246.0
2012-10-22,6.46,6.5,6.5,6.31,1680441.0,10786155.0
2012-10-23,6.56,6.38,6.63,6.38,2325374.0,15219158.0
2012-10-24,6.36,6.56,6.59,6.35,2148467.0,13992397.0
2012-10-25,6.56,6.41,6.59,6.38,1667897.0,10810594.0
2012-10-26,6.54,6.16,6.54,6.15,1462856.0,9172126.0
2012-10-29,6.14,6.06,6.2,6.02,995569.0,6068996.0
2012-10-30,6.1,6.11,6.15,6.03,728217.0,4430681.0
2012-10-31,6.12,6.1,6.15,6.04,541078.0,3299766.0
2012-11-01,6.12,6.2,6.26,6.08,1104651.0,6847132.0
2012-11-02,6.24,6.23,6.25,6.16,758884.0,4705835.0
2012-11-05,6.17,6.26,6.33,6.17,1044974.0,6525868.0
2012-11-06,6.27,6.13,6.27,6.05,1181091.0,7213558.0
2012-11-07,6.13,6.08,6.15,6.01,977713.0,5951196.0
2012-11-08,6.03,5.93,6.03,5.89,1973862.0,11691401.0
2012-11-09,6.03,6.07,6.3,5.99,2867239.0,17582952.0
2012-11-12,6.28,6.09,6.28,6.01,1231100.0,7473641.0
2012-11-13,6.03,5.92,6.08,5.9,1271656.0,7607229.0
2012-11-14,5.97,5.82,5.97,5.6,821330.0,4763187.0
2012-11-15,5.73,5.6,5.79,5.6,793300.0,4514335.0
2012-11-16,5.6,5.64,5.66,5.57,617058.0,3461483.0
2012-11-19,5.64,5.71,5.86,5.53,1147282.0,6480789.0
2012-11-20,5.69,5.68,5.77,5.66,862099.0,4923939.0
2012-11-21,5.72,5.76,5.76,5.58,802025.0,4564295.0
2012-11-22,5.74,5.66,5.76,5.6,761450.0,4334057.0
2012-11-23,5.65,5.68,5.73,5.63,403351.0,2294362.0
2012-11-26,5.68,5.59,5.69,5.58,425249.0,2394304.0
2012-11-27,5.55,5.29,5.6,5.27,923256.0,4960078.0
2012-11-28,5.36,5.24,5.36,5.2,493016.0,2589361.0
2012-11-29,5.24,5.07,5.32,5.06,591579.0,3072845.0
2012-11-30,5.09,5.15,5.2,5.05,529467.0,2713876.0
2012-12-03,5.14,5.0,5.22,5.0,437866.0,2227900.0
2012-12-04,5.04,5.09,5.11,4.89,934935.0,4651782.0
2012-12-05,5.06,5.26,5.34,5.01,1645517.0,8625195.0
2012-12-06,5.28,5.28,5.32,5.2,1015152.0,5333901.0
2012-12-07,5.29,5.46,5.47,5.25,1795911.0,9699966.0
2012-12-10,5.46,5.55,5.65,5.42,1659157.0,9237133.0
2012-12-11,5.54,5.53,5.55,5.44,1236122.0,6794205.0
2012-12-12,5.53,5.45,5.53,5.31,813173.0,4424662.0
2012-12-13,5.38,5.35,5.48,5.35,512066.0,2763249.0
2012-12-14,5.35,5.58,5.59,5.35,1309494.0,7246478.0
2012-12-17,5.6,5.65,5.74,5.57,1324872.0,7473803.0
2012-12-18,5.6,5.57,5.69,5.53,2012501.0,11253826.0
2012-12-19,5.57,5.61,5.66,5.55,1045215.0,5864121.0
2012-12-20,5.59,5.54,5.61,5.46,1794250.0,9924579.0
2012-12-21,5.53,5.5,5.62,5.43,1866180.0,10283440.0
2012-12-24,5.48,5.54,5.56,5.45,1163205.0,6426262.0
2012-12-25,5.53,5.63,5.74,5.48,4447285.0,25029874.0
2012-12-26,5.6,5.79,5.88,5.6,6812462.0,39085088.0
2012-12-27,5.74,5.68,5.8,5.66,4701173.0,26843564.0
2012-12-28,5.69,5.71,5.74,5.64,2825179.0,16090303.0
2012-12-31,5.73,5.75,5.78,5.68,2636585.0,15113873.0
2013-01-04,5.78,5.74,5.84,5.68,2334467.0,13431387.0
2013-01-07,5.71,5.85,5.87,5.66,3382618.0,19555898.0
2013-01-08,5.86,5.93,5.95,5.78,3904699.0,22924382.0
2013-01-09,5.88,5.9,6.0,5.83,3612966.0,21385476.0
2013-01-10,5.87,5.99,6.13,5.86,4765667.0,28559510.0
2013-01-11,5.99,5.9,6.14,5.85,5842660.0,35259688.0
2013-01-14,5.86,6.1,6.17,5.81,4890129.0,29362294.0
2013-01-15,6.16,6.23,6.36,6.08,6228193.0,38699600.0
2013-01-16,6.21,6.18,6.22,6.02,4381090.0,26841158.0
2013-01-17,6.13,6.25,6.3,6.04,5173554.0,32027182.0
2013-01-18,6.2,6.25,6.27,6.15,3495675.0,21778652.0
2013-01-21,6.28,6.22,6.33,6.19,2841430.0,17723544.0
2013-01-22,6.22,5.99,6.25,5.96,3319092.0,20256442.0
2013-01-23,5.99,6.09,6.09,5.88,2690192.0,16083190.0
2013-01-24,6.05,5.8,6.11,5.78,3600002.0,21336116.0
2013-01-25,5.81,5.82,5.84,5.76,1726338.0,10013179.0
2013-01-28,6.05,6.27,6.36,6.04,9318088.0,58174680.0
2013-01-29,6.17,6.23,6.26,6.14,4425984.0,27492966.0
2013-01-30,6.22,6.14,6.22,6.09,3843500.0,23631896.0
2013-01-31,6.16,6.2,6.2,6.07,2233381.0,13691092.0
2013-02-01,6.18,6.17,6.28,6.12,3079017.0,19086218.0
2013-02-04,6.15,6.0,6.2,5.95,3101764.0,18790558.0
2013-02-05,5.98,6.04,6.04,5.96,1959217.0,11760002.0
2013-02-06,6.03,6.08,6.1,6.03,1904687.0,11540561.0
2013-02-07,6.07,6.13,6.13,6.01,1372660.0,8337420.0
2013-02-08,6.1,6.17,6.25,6.09,2827892.0,17489176.0
2013-02-18,6.23,6.28,6.31,6.16,3661749.0,22822224.0
2013-02-19,6.25,6.17,6.3,6.14,2622743.0,16260527.0
2013-02-20,6.18,6.45,6.55,6.17,7901901.0,50391012.0
2013-02-21,6.39,6.28,6.39,6.18,4229254.0,26629462.0
2013-02-22,6.28,6.28,6.38,6.22,2502212.0,15748389.0
2013-02-25,6.28,6.33,6.37,6.24,2269101.0,14319731.0
2013-02-26,6.28,6.2,6.39,6.19,3081016.0,19449794.0
2013-02-27,6.21,6.41,6.46,6.21,4133982.0,26189936.0
2013-02-28,6.44,6.42,6.48,6.27,3577073.0,22782154.0
2013-03-01,6.4,6.5,6.53,6.36,4068767.0,26265104.0
2013-03-04,6.47,6.14,6.47,6.12,4352891.0,27305896.0
2013-03-05,6.19,6.3,6.33,6.13,2751299.0,17244050.0
2013-03-06,6.31,6.52,6.56,6.31,5229391.0,33779192.0
2013-03-07,6.56,6.8,6.95,6.33,9099461.0,60186996.0
2013-03-08,6.72,6.45,6.75,6.4,6809800.0,44985676.0
2013-03-11,6.43,6.5,6.54,6.33,2928311.0,18875508.0
2013-03-12,6.45,6.27,6.54,6.17,3832666.0,24200602.0
2013-03-13,6.25,6.08,6.25,5.99,2908180.0,17737548.0
2013-03-14,6.09,6.12,6.17,6.05,1609150.0,9844290.0
2013-03-15,6.13,6.12,6.22,6.01,2820188.0,17260028.0
2013-03-18,6.09,5.99,6.16,5.97,1688335.0,10228012.0
2013-03-19,6.03,5.99,6.04,5.9,1402315.0,8373940.0
2013-03-20,6.0,6.17,6.17,6.0,1738663.0,10624927.0
2013-03-21,6.17,6.23,6.25,6.14,2417037.0,15004110.0
2013-03-22,6.23,6.24,6.25,6.17,1918982.0,11913124.0
2013-03-25,6.23,6.43,6.74,6.23,6441978.0,41762016.0
2013-03-26,6.35,6.49,6.56,6.32,5209972.0,33624260.0
2013-03-27,6.45,6.39,6.53,6.33,3196325.0,20519680.0
2013-03-28,6.4,6.14,6.4,6.04,2511588.0,15488859.0
2013-03-29,6.11,6.18,6.2,6.1,1331740.0,8201837.0
2013-04-01,6.18,6.23,6.25,6.1,1216589.0,7566290.0
2013-04-02,6.22,6.09,6.3,6.07,1988696.0,12292459.0
2013-04-03,6.09,6.07,6.16,6.0,1123898.0,6812869.0
2013-04-08,6.06,6.13,6.15,5.84,1294341.0,7758905.0
2013-04-09,6.13,6.2,6.22,6.09,1323193.0,8150536.0
2013-04-10,6.15,6.07,6.19,6.05,1276877.0,7807161.0
2013-04-11,6.16,6.25,6.47,6.12,3928893.0,24718504.0
2013-04-12,6.15,6.02,6.24,6.02,2227141.0,13625336.0
2013-04-15,6.01,5.85,6.02,5.84,1830265.0,10817095.0
2013-04-16,5.81,5.91,5.94,5.75,837824.0,4916031.0
2013-04-17,5.87,5.97,5.98,5.83,1023465.0,6050282.0
2013-04-18,5.94,5.93,5.97,5.85,1067722.0,6332695.0
2013-04-19,5.94,6.07,6.15,5.94,1697164.0,10280361.0
2013-04-22,6.01,6.05,6.06,5.98,1483154.0,8926134.0
2013-04-23,6.0,5.82,6.05,5.79,1936274.0,11418607.0
2013-04-24,5.82,5.91,5.94,5.77,1447782.0,8503372.0
2013-04-25,5.85,5.82,5.95,5.81,1489873.0,8746156.0
2013-04-26,5.83,5.53,5.85,5.52,2511230.0,14184968.0
2013-05-02,5.51,5.54,5.58,5.48,631009.0,3492326.0
2013-05-03,5.54,5.64,5.69,5.54,800833.0,4520591.0
2013-05-06,5.7,5.76,5.76,5.66,1256966.0,7199031.0
2013-05-07,5.76,5.79,5.85,5.7,1079782.0,6242764.0
2013-05-08,5.79,5.89,5.9,5.78,1861574.0,10870617.0
2013-05-09,5.9,5.87,5.92,5.8,1639247.0,9606471.0
2013-05-10,5.84,5.92,5.94,5.84,1751394.0,10307424.0
2013-05-13,5.96,5.97,6.02,5.84,1809572.0,10760088.0
2013-05-14,5.98,5.86,5.98,5.81,1409845.0,8279549.0
2013-05-15,5.91,6.05,6.1,5.91,3560323.0,21467408.0
2013-05-16,6.66,6.66,6.66,6.66,7114536.0,47382808.0
2013-05-17,6.8,7.27,7.32,6.71,34182892.0,238752208.0
2013-05-20,7.0,7.44,7.75,6.9,26559360.0,195350400.0
2013-05-21,7.3,7.44,7.45,7.19,14984586.0,109724840.0
2013-05-22,7.39,7.11,7.39,6.94,12120596.0,86974192.0
2013-05-23,7.04,7.03,7.21,7.01,7959082.0,56641144.0
2013-05-24,7.01,7.24,7.35,7.01,9528939.0,68471824.0
2013-05-27,7.2,7.29,7.43,7.11,9993406.0,72994984.0
2013-05-28,7.24,7.12,7.26,7.02,6422232.0,45653960.0
2013-05-29,7.06,7.06,7.2,7.04,6873814.0,48817940.0
2013-05-30,7.06,7.28,7.38,7.06,10071956.0,72764184.0
2013-05-31,7.21,7.09,7.26,7.07,6158440.0,44050420.0
2013-06-03,7.03,6.81,7.12,6.76,7065936.0,48802844.0
2013-06-04,6.81,6.61,6.9,6.59,4408926.0,29638698.0
2013-06-05,6.64,6.6,6.71,6.59,4139714.0,27481694.0
2013-06-06,6.59,6.55,6.65,6.53,3011495.0,19869220.0
2013-06-07,6.54,6.4,6.63,6.4,3268268.0,21251996.0
2013-06-13,6.32,6.22,6.38,6.08,2624597.0,16236582.0
2013-06-14,6.21,6.4,6.45,6.21,2773910.0,17641096.0
2013-06-17,6.45,6.47,6.58,6.33,3292964.0,21380820.0
2013-06-18,6.46,6.38,6.51,6.29,2503233.0,16002665.0
2013-06-19,6.32,6.42,6.42,6.14,2731216.0,17127748.0
2013-06-20,6.37,6.25,6.56,6.21,3219737.0,20600200.0
2013-06-21,6.15,6.11,6.19,5.92,2764469.0,16685433.0
2013-06-24,6.08,5.62,6.08,5.5,3026478.0,17543536.0
2013-06-25,5.61,5.53,5.7,5.06,3297088.0,17954108.0
2013-06-26,5.53,5.72,5.73,5.4,2929642.0,16446026.0
2013-06-27,5.72,5.47,5.89,5.45,2872051.0,16347033.0
2013-06-28,5.43,5.6,5.6,5.34,2592414.0,14285465.0
2013-07-01,5.55,5.71,5.74,5.5,2917599.0,16486138.0
2013-07-02,5.68,5.77,5.78,5.64,2951388.0,16880550.0
2013-07-03,5.74,5.66,5.74,5.47,2986898.0,16812694.0
2013-07-04,5.63,5.73,5.76,5.55,3092523.0,17581884.0
2013-07-05,6.1,6.3,6.3,5.99,12504011.0,77851176.0
2013-07-08,6.1,5.88,6.17,5.85,8365110.0,50485156.0
2013-07-09,5.8,6.05,6.06,5.74,5031926.0,29850848.0
2013-07-10,5.93,6.13,6.18,5.81,6139688.0,36990452.0
2013-07-11,6.05,6.17,6.27,5.96,7078572.0,43357572.0
2013-07-12,6.11,6.05,6.28,6.0,5653144.0,34883696.0
2013-07-15,6.08,6.35,6.41,6.04,5996845.0,37410896.0
2013-07-16,6.3,6.42,6.45,6.22,4868793.0,30875660.0
2013-07-17,6.4,6.24,6.51,6.2,4775336.0,30331902.0
2013-07-18,6.2,6.47,6.56,6.17,6471307.0,41563172.0
2013-07-19,6.42,6.13,6.51,6.12,5013670.0,31786752.0
2013-07-22,6.08,6.26,6.26,6.01,3009939.0,18561868.0
2013-07-23,6.26,6.43,6.49,6.23,4967664.0,31774734.0
2013-07-24,6.42,6.61,6.65,6.37,7476864.0,48974928.0
2013-07-25,6.5,6.4,6.62,6.37,5209657.0,33806228.0
2013-07-26,6.4,6.4,6.4,6.4,0.0,0.0
2013-07-29,6.4,6.4,6.4,6.4,0.0,0.0
2013-07-30,6.4,6.53,7.01,6.3,10112895.0,67303680.0
2013-07-31,6.43,7.18,7.18,6.4,12588972.0,87642960.0
2013-08-01,7.2,7.41,7.42,7.06,19239320.0,139968944.0
2013-08-02,7.24,7.17,7.55,7.11,14636870.0,106715432.0
2013-08-05,7.22,7.24,7.4,7.13,10409648.0,75640072.0
2013-08-06,7.15,7.2,7.32,7.11,8142291.0,58899796.0
2013-08-07,7.18,6.9,7.22,6.89,8671709.0,60750532.0
2013-08-08,6.86,6.92,6.96,6.75,5657066.0,38824612.0
2013-08-09,6.92,7.03,7.05,6.84,7218187.0,50262220.0
2013-08-12,7.07,7.11,7.35,7.06,8171574.0,58597588.0
2013-08-13,7.25,7.07,7.28,7.01,5265727.0,37358144.0
2013-08-14,7.11,6.89,7.12,6.77,6965721.0,48105904.0
2013-08-15,6.94,6.74,6.94,6.68,5824851.0,39624828.0
2013-08-16,6.65,6.58,6.93,6.54,6624048.0,44840216.0
2013-08-19,6.56,6.8,6.85,6.53,4664628.0,31344126.0
2013-08-20,6.77,6.81,6.88,6.7,4531105.0,30765710.0
2013-08-21,6.8,7.05,7.07,6.65,6810468.0,46699864.0
2013-08-22,7.02,6.98,7.1,6.93,6399612.0,44900428.0
2013-08-23,7.03,6.81,7.08,6.62,6295899.0,43271388.0
2013-08-26,6.85,6.91,6.93,6.77,4051591.0,27819108.0
2013-08-27,6.89,6.87,6.92,6.77,3915961.0,26751452.0
2013-08-28,6.83,6.64,6.83,6.64,5005206.0,33665060.0
2013-08-29,6.63,6.64,6.71,6.61,2834016.0,18870382.0
2013-08-30,6.64,6.4,6.68,6.28,5057489.0,32863214.0
2013-09-02,6.38,6.6,6.64,6.28,4095255.0,26636324.0
2013-09-03,6.59,7.0,7.04,6.55,11392679.0,78699744.0
2013-09-04,7.0,6.96,7.01,6.88,3287113.0,22804932.0
2013-09-05,7.0,7.13,7.3,6.93,11273466.0,80057904.0
2013-09-06,7.1,7.18,7.32,7.05,6992732.0,50345920.0
2013-09-09,7.2,7.35,7.35,7.03,8036490.0,57927452.0
2013-09-10,7.38,8.09,8.09,7.38,18540352.0,148058880.0
2013-09-11,8.18,7.9,8.33,7.62,18087372.0,142832976.0
2013-09-12,7.81,7.7,8.1,7.66,9286904.0,72903152.0
2013-09-13,7.7,7.51,7.71,7.37,7453125.0,55872588.0
2013-09-16,7.54,8.26,8.26,7.53,8271168.0,66921684.0
2013-09-17,8.53,8.18,8.86,8.12,21706958.0,183808192.0
2013-09-18,8.03,8.33,8.44,8.0,12726600.0,105167768.0
2013-09-23,8.3,8.55,8.65,8.21,10735681.0,90762744.0
2013-09-24,8.45,8.25,8.66,8.22,7717883.0,64586816.0
2013-09-25,8.23,8.26,8.68,8.15,6202688.0,51914092.0
2013-09-26,8.2,7.85,8.22,7.83,5110438.0,40840448.0
2013-09-27,7.76,7.6,7.85,7.58,4302887.0,33171688.0
2013-09-30,7.74,7.88,7.9,7.66,2785788.0,21768700.0
2013-10-08,7.81,8.13,8.17,7.81,3846575.0,30830256.0
2013-10-09,8.08,8.16,8.22,8.01,3414835.0,27756608.0
2013-10-10,8.16,7.95,8.19,7.9,4024870.0,32268168.0
2013-10-11,8.02,8.01,8.06,7.91,2686579.0,21440636.0
2013-10-14,8.07,8.16,8.25,8.04,3829044.0,31195720.0
2013-10-15,8.16,7.87,8.16,7.8,3852019.0,30642278.0
2013-10-16,7.98,8.66,8.66,7.92,15138959.0,130513296.0
2013-10-17,8.68,8.36,8.93,8.3,17157806.0,148214944.0
2013-10-18,8.1,8.03,8.1,7.61,9058001.0,71528608.0
2013-10-21,7.86,8.21,8.21,7.86,6928655.0,55891492.0
2013-10-22,8.14,8.59,8.9,8.14,12459029.0,107059688.0
2013-10-23,8.59,8.3,8.88,8.03,7408305.0,62630768.0
2013-10-24,8.3,8.3,8.5,8.11,3480156.0,29080176.0
2013-10-25,8.55,9.13,9.13,8.45,8604709.0,77491960.0
2013-10-28,9.37,9.24,9.91,9.13,24257792.0,228548592.0
2013-10-29,9.03,9.59,9.9,9.03,23311008.0,221915904.0
2013-10-30,9.3,9.46,9.5,9.11,14258852.0,132711728.0
2013-10-31,9.35,8.51,9.35,8.51,15230593.0,134502192.0
2013-11-01,8.29,8.32,8.52,7.91,8117155.0,66955812.0
2013-11-04,8.3,8.65,8.79,8.2,5942547.0,50818220.0
2013-11-05,8.65,9.52,9.52,8.58,18565656.0,173200192.0
2013-11-06,9.9,10.47,10.47,9.78,26731782.0,273644960.0
2013-11-07,10.0,10.2,10.25,9.78,24244494.0,243630832.0
2013-11-08,10.08,9.61,10.44,9.56,19011004.0,189312208.0
2013-11-11,9.7,9.9,9.94,9.31,16338963.0,158577152.0
2013-11-12,9.82,9.96,10.74,9.72,23625830.0,242277744.0
2013-11-13,9.6,9.54,9.75,9.32,10870351.0,103824448.0
2013-11-14,9.44,10.49,10.49,9.19,19387738.0,192393936.0
2013-11-15,10.5,11.1,11.44,10.23,26174906.0,278744896.0
2013-11-18,10.89,11.08,11.37,10.81,18810038.0,208465104.0
2013-11-19,10.92,11.47,12.1,10.82,20719656.0,239909456.0
2013-11-20,11.3,12.34,12.48,11.21,21703250.0,256332160.0
2013-11-21,12.05,12.36,12.63,12.02,18391702.0,227242448.0
2013-11-22,12.22,11.97,12.59,11.85,14947335.0,180615088.0
2013-11-25,11.71,11.6,12.2,11.51,14123567.0,167277920.0
2013-11-26,11.7,12.0,12.5,11.7,14970944.0,180779280.0
2013-11-27,11.93,11.95,12.37,11.74,14342300.0,172381376.0
2013-11-28,11.88,12.74,13.05,11.8,19701396.0,244917584.0
2013-11-29,12.61,13.13,13.2,12.6,16296219.0,210080144.0
2013-12-02,12.5,13.1,14.4,12.36,25783200.0,346549664.0
2013-12-03,12.66,14.41,14.41,12.66,43046560.0,605479296.0
2013-12-04,14.78,15.85,15.85,14.6,31512718.0,480802496.0
2013-12-05,16.5,16.83,17.44,16.38,50976804.0,868671680.0
2013-12-06,16.97,15.42,17.18,15.19,43320852.0,691761216.0
2013-12-09,15.2,15.88,16.47,15.2,34939720.0,553555968.0
2013-12-10,15.8,16.56,17.47,15.58,58678504.0,986962048.0
2013-12-11,15.46,14.9,15.47,14.9,12244700.0,184883184.0
2013-12-12,14.11,14.5,14.86,13.9,39934296.0,571293888.0
2013-12-13,14.25,14.22,14.71,14.13,27413332.0,394305344.0
2013-12-16,13.98,14.3,14.46,13.89,20765000.0,294786688.0
2013-12-17,14.25,15.2,15.3,14.1,41685108.0,613096448.0
2013-12-18,15.3,14.23,15.8,14.1,37176580.0,560427136.0
2013-12-19,14.02,14.26,14.8,13.8,23855168.0,340318016.0
2013-12-20,14.26,13.1,14.26,12.9,28219060.0,378631712.0
2013-12-23,13.07,12.9,13.19,12.47,15976982.0,205457264.0
2013-12-24,12.94,13.21,13.29,12.8,21489978.0,280648864.0
2013-12-25,13.14,13.32,13.58,13.0,20357502.0,271241632.0
2013-12-26,13.35,12.95,13.79,12.9,21058022.0,282567776.0
2013-12-27,12.7,13.33,13.46,12.61,16489719.0,216011232.0
2013-12-30,13.6,13.27,13.68,13.16,14258205.0,190611840.0
2013-12-31,13.2,12.32,13.24,12.24,23456172.0,295813216.0
2014-01-02,12.36,12.74,12.88,12.3,16552316.0,209243520.0
2014-01-03,13.1,13.56,14.01,13.1,43519868.0,594154112.0
2014-01-06,13.3,12.68,13.3,12.66,22659306.0,291548768.0
2014-01-07,12.37,12.61,12.91,12.32,12567694.0,158881824.0
2014-01-08,12.59,13.12,13.44,12.48,21375608.0,279336480.0
2014-01-09,12.95,13.27,13.55,12.78,24274824.0,321464416.0
2014-01-10,13.1,12.55,13.35,12.32,15008043.0,193473232.0
2014-01-13,12.46,12.17,12.77,12.09,11510075.0,142170624.0
2014-01-14,12.22,12.94,12.99,12.22,14249249.0,179737184.0
2014-01-15,12.81,13.02,13.23,12.72,16241818.0,211232224.0
2014-01-16,13.02,13.8,13.8,12.86,27571366.0,368882144.0
2014-01-17,13.57,13.38,13.65,13.21,16929364.0,227833248.0
2014-01-20,13.34,13.94,14.05,13.2,22375496.0,306155744.0
2014-01-21,13.7,14.26,14.45,13.65,24894402.0,350584192.0
2014-01-22,14.13,14.18,14.37,14.03,16933584.0,240299408.0
2014-01-23,14.11,14.33,14.52,13.72,21464772.0,301578688.0
2014-01-24,14.9,14.49,15.2,14.4,27807984.0,411174144.0
2014-01-27,14.69,15.14,15.89,14.58,30087318.0,460222656.0
2014-01-28,14.88,14.58,15.29,14.2,16575699.0,242260288.0
2014-01-29,14.44,14.7,14.88,14.3,14379372.0,209756144.0
2014-01-30,14.6,13.97,14.66,13.9,11048913.0,156292944.0
2014-02-07,13.62,15.1,15.2,13.6,17857786.0,260564448.0
2014-02-10,15.48,16.15,16.46,15.18,31233980.0,492772320.0
2014-02-11,15.9,15.69,16.08,15.19,19521840.0,307380768.0
2014-02-12,15.58,16.16,16.7,15.57,20432924.0,332019840.0
2014-02-13,16.16,15.95,16.5,15.8,16857636.0,272739776.0
2014-02-14,15.95,15.82,16.23,15.36,13296083.0,209340464.0
2014-02-17,15.85,16.35,16.4,15.5,17464414.0,280188128.0
2014-02-18,16.35,15.86,16.35,15.7,13928703.0,222406416.0
2014-02-19,15.88,15.43,16.18,15.26,13214746.0,207539296.0
2014-02-20,15.5,14.85,15.58,14.72,11144683.0,167763120.0
2014-02-21,14.9,15.51,15.54,14.9,12607200.0,193013584.0
2014-02-24,15.39,15.34,15.42,15.09,8573581.0,130649344.0
2014-02-25,15.31,15.07,16.29,14.88,21958028.0,345508224.0
2014-02-26,14.7,15.06,15.25,14.15,10698659.0,158071648.0
2014-02-27,15.1,14.07,15.59,14.01,15405822.0,228521424.0
2014-02-28,13.77,13.38,13.77,12.7,12456158.0,164805232.0
2014-03-03,13.37,13.55,13.62,13.25,7501830.0,100713360.0
2014-03-04,13.44,13.53,13.68,13.02,9602994.0,127799344.0
2014-03-05,14.0,14.88,14.88,14.0,18021282.0,259937024.0
2014-03-06,14.69,14.43,14.78,14.1,14061344.0,202587024.0
2014-03-07,14.43,14.48,15.32,14.26,11623158.0,170827872.0
2014-03-10,14.38,13.37,14.38,13.35,7694766.0,106093760.0
2014-03-11,13.28,13.57,13.74,13.15,5967208.0,80447552.0
2014-03-12,13.52,13.57,13.88,13.05,6312615.0,85317296.0
2014-03-13,13.57,13.66,13.86,13.48,5217801.0,71206408.0
2014-03-14,13.5,13.38,13.77,13.32,4752221.0,63985704.0
2014-03-17,13.45,14.05,14.07,13.2,10465655.0,143474896.0
2014-03-18,14.15,13.79,14.15,13.76,9782855.0,135686832.0
2014-03-19,13.72,13.65,13.98,13.5,5808107.0,79717664.0
2014-03-20,13.77,13.61,14.5,13.61,12172063.0,170950496.0
2014-03-21,12.97,13.63,13.7,12.71,8692277.0,114141920.0
2014-03-24,13.51,13.39,13.66,13.3,5301441.0,71390392.0
2014-03-25,13.21,13.07,13.36,12.69,10316044.0,133747056.0
2014-03-26,13.01,13.01,13.32,12.98,6293027.0,82468072.0
2014-03-27,12.85,12.56,13.06,12.56,6673118.0,84999648.0
2014-03-28,12.53,11.52,12.61,11.32,8778989.0,104519384.0
2014-03-31,11.42,11.86,11.88,11.38,5145950.0,59867044.0
2014-04-01,11.86,12.19,12.3,11.75,6555309.0,78901144.0
2014-04-02,12.58,12.26,12.86,12.15,9335896.0,116959712.0
2014-04-03,11.62,11.53,12.0,11.21,11192070.0,129397864.0
2014-04-04,11.35,11.77,11.97,11.35,7209283.0,84458784.0
2014-04-08,11.58,11.75,11.87,11.45,5517084.0,64459288.0
2014-04-09,11.88,12.93,12.93,11.88,14421875.0,183063952.0
2014-04-10,13.55,13.75,14.2,13.1,37330300.0,511611712.0
2014-04-11,13.46,13.66,14.1,13.24,23837578.0,327216896.0
2014-04-14,13.66,13.69,13.87,13.3,13721199.0,186258080.0
2014-04-15,13.66,14.35,14.49,13.34,23511172.0,328013952.0
2014-04-16,14.1,13.76,14.18,13.67,14914803.0,207742272.0
2014-04-17,13.71,13.52,13.94,13.42,9531562.0,130274328.0
2014-04-18,13.41,13.95,14.1,13.3,14866745.0,205888144.0
2014-04-21,13.7,13.52,14.08,13.51,10865412.0,149340832.0
2014-04-22,13.4,12.88,13.49,12.4,11988273.0,154978976.0
2014-04-23,12.86,12.56,12.97,12.4,5933916.0,75289272.0
2014-04-24,12.43,12.43,12.78,12.33,4711458.0,59151840.0
2014-04-25,12.43,11.66,12.43,11.58,7847608.0,94401560.0
2014-04-28,11.24,11.29,11.38,10.6,7404676.0,81423016.0
2014-04-29,11.38,11.45,11.5,11.07,5125075.0,57949596.0
2014-04-30,11.44,11.33,11.54,11.28,3819190.0,43530008.0
2014-05-05,11.25,12.03,12.11,11.21,6512550.0,76155400.0
2014-05-06,11.96,12.76,12.87,11.89,13504150.0,170012560.0
2014-05-07,12.6,12.17,12.73,12.12,9664179.0,119939368.0
2014-05-08,12.2,12.19,12.49,11.98,6710267.0,82311728.0
2014-05-09,12.15,11.84,12.15,11.64,5906367.0,69752184.0
2014-05-12,11.89,12.49,12.72,11.89,7745026.0,95415384.0
2014-05-13,12.35,12.13,12.74,12.12,7316304.0,90805152.0
2014-05-14,12.2,12.64,12.75,12.1,10722893.0,134049584.0
2014-05-15,12.54,12.11,12.6,12.01,7149650.0,87921832.0
2014-05-16,11.96,12.04,12.29,11.82,4325699.0,52128608.0
2014-05-19,12.0,11.8,12.0,11.61,3480188.0,41024116.0
2014-05-20,11.92,11.89,12.26,11.86,4574406.0,55169156.0
2014-05-21,11.77,11.95,11.98,11.53,4327967.0,50918624.0
2014-05-22,11.9,11.99,12.44,11.84,6303437.0,76730792.0
2014-05-23,11.85,12.0,12.0,11.76,4832443.0,57359292.0
2014-05-26,12.25,12.19,12.55,12.08,6655799.0,81712128.0
2014-05-27,12.1,12.57,12.8,12.02,15593095.0,195182144.0
2014-05-28,12.42,12.55,12.58,12.22,10608274.0,131817888.0
2014-05-29,12.55,12.44,12.72,12.41,10472541.0,131728784.0
2014-05-30,12.4,12.15,12.4,12.01,7863901.0,95633376.0
2014-06-03,12.12,12.1,12.3,12.06,4574536.0,55596844.0
2014-06-04,12.05,11.76,12.07,11.61,5393157.0,63364792.0
2014-06-05,11.77,11.93,11.94,11.71,4159749.0,49313048.0
2014-06-06,11.93,11.97,12.06,11.82,4304055.0,51515628.0
2014-06-09,11.84,11.65,11.99,11.6,5008113.0,59088512.0
2014-06-10,11.65,11.82,11.85,11.54,3685378.0,43256236.0
2014-06-11,11.8,13.0,13.0,11.75,14027526.0,176553760.0
2014-06-12,13.35,13.12,13.35,12.7,21931568.0,285052640.0
2014-06-13,12.92,13.01,13.29,12.83,16699171.0,218208032.0
2014-06-16,12.98,13.13,13.45,12.9,15666893.0,206196016.0
2014-06-17,13.01,13.13,13.3,12.81,13601551.0,177687648.0
2014-06-18,13.29,12.96,13.45,12.9,15106160.0,200063728.0
2014-06-19,12.7,11.87,12.8,11.71,15033060.0,182654176.0
2014-06-20,11.71,11.88,12.08,11.57,5849043.0,69295296.0
2014-06-23,11.99,12.08,12.21,11.94,5383042.0,65107992.0
2014-06-24,12.16,12.11,12.24,12.04,4413026.0,53545120.0
2014-06-25,12.05,11.99,12.1,11.81,4675422.0,55736040.0
2014-06-26,11.99,12.32,12.56,11.91,9034367.0,111252368.0
2014-06-27,12.24,12.34,12.49,12.22,6298236.0,77826592.0
2014-06-30,12.6,12.48,12.79,12.36,6943416.0,86725400.0
2014-07-01,12.52,12.67,12.96,12.49,10872304.0,138360976.0
2014-07-02,12.6,12.77,13.04,12.32,12799797.0,161827120.0
2014-07-03,12.75,12.71,12.97,12.55,9157184.0,116860976.0
2014-07-04,12.69,12.46,12.75,12.45,6605980.0,82829248.0
2014-07-07,12.49,12.39,12.56,12.24,5127917.0,63517408.0
2014-07-08,12.29,12.35,12.36,12.03,5519099.0,67374416.0
2014-07-09,12.3,11.98,12.39,11.96,5530350.0,67356936.0
2014-07-10,11.99,12.02,12.2,11.93,3469105.0,41857196.0
2014-07-11,12.03,12.35,12.48,12.0,6407320.0,78792616.0
2014-07-14,12.35,12.45,12.48,12.2,5342774.0,66118868.0
2014-07-15,12.45,12.27,12.63,12.18,5200952.0,64201368.0
2014-07-16,12.28,12.05,12.31,12.01,3955142.0,47965888.0
2014-07-17,12.03,12.08,12.14,11.95,2495896.0,30063612.0
2014-07-18,11.98,12.09,12.15,11.95,2014221.0,24296596.0
2014-07-21,12.1,11.87,12.1,11.86,3001858.0,35806364.0
2014-07-22,11.87,12.03,12.18,11.76,2874086.0,34381868.0
2014-07-23,12.0,12.11,12.35,11.98,4142753.0,50246612.0
2014-07-24,12.0,11.89,12.09,11.8,3621941.0,43141536.0
2014-07-25,11.88,11.96,12.02,11.83,2450757.0,29244226.0
2014-07-28,11.93,12.15,12.23,11.91,4268563.0,51603340.0
2014-07-29,12.12,12.3,12.35,12.1,5691982.0,69779576.0
2014-07-30,12.3,12.36,12.51,12.21,5095229.0,62977080.0
2014-07-31,12.36,12.37,12.54,12.28,5771956.0,71567104.0
2014-08-01,12.35,12.18,12.36,12.14,5902459.0,72125336.0
2014-08-04,12.16,12.27,12.28,12.16,4700894.0,57492696.0
2014-08-05,12.31,12.68,12.8,12.27,20886446.0,262588336.0
2014-08-06,12.6,12.59,12.61,12.41,8569117.0,107182960.0
2014-08-07,12.55,12.58,12.87,12.42,14115391.0,178453280.0
2014-08-08,12.7,12.7,12.85,12.61,10090648.0,128406832.0
2014-08-11,12.7,12.81,12.81,12.55,8343876.0,105902760.0
2014-08-12,12.93,12.72,13.05,12.61,10739128.0,137574992.0
2014-08-13,12.64,12.92,12.94,12.38,11829247.0,149430448.0
2014-08-14,12.8,12.62,12.9,12.61,8388909.0,106972976.0
2014-08-15,12.62,12.78,12.84,12.56,5933830.0,75367080.0
2014-08-18,12.8,13.42,13.9,12.73,20468728.0,269356992.0
2014-08-19,13.36,13.36,13.6,13.2,13577664.0,181270336.0
2014-08-20,13.25,13.42,13.6,13.25,10449130.0,140210128.0
2014-08-21,13.48,13.15,13.48,13.03,7927923.0,104679536.0
2014-08-22,13.15,13.37,13.42,13.01,8459594.0,111819472.0
2014-08-25,13.21,12.83,13.22,12.63,11917787.0,153345616.0
2014-08-26,12.83,13.11,13.58,12.8,16383720.0,215821632.0
2014-08-27,12.9,12.92,13.26,12.74,9195439.0,119222168.0
2014-08-28,12.86,12.71,13.1,12.62,5454467.0,69737872.0
2014-08-29,12.75,13.02,13.25,12.65,9206961.0,119954512.0
2014-09-01,12.94,13.19,13.24,12.8,8677772.0,113804288.0
2014-09-02,13.2,13.66,13.98,13.06,24533606.0,332508256.0
2014-09-03,13.48,13.5,13.65,13.44,12471702.0,168614720.0
2014-09-04,13.5,13.8,13.99,13.21,22524078.0,307143200.0
2014-09-05,13.68,13.7,13.79,13.56,10862742.0,148473520.0
2014-09-09,13.73,14.26,14.42,13.58,19389618.0,270510208.0
2014-09-10,13.7,13.55,13.71,13.31,22675102.0,306907840.0
2014-09-11,13.48,13.62,13.8,13.37,15105625.0,205473072.0
2014-09-12,13.6,13.64,13.65,13.45,9913177.0,134576160.0
2014-09-15,13.73,13.57,13.79,13.43,11582404.0,157028704.0
2014-09-16,13.5,12.86,13.54,12.86,14636123.0,193086416.0
2014-09-17,12.97,13.01,13.09,12.76,5805804.0,75182728.0
2014-09-18,13.0,12.95,13.0,12.85,4172347.0,53925944.0
2014-09-19,13.01,13.13,13.2,12.92,4959153.0,64754648.0
2014-09-22,13.12,12.86,13.12,12.83,4298895.0,55511208.0
2014-09-23,12.86,13.06,13.09,12.85,3661569.0,47564812.0
2014-09-24,13.07,13.16,13.18,13.01,5479608.0,71962384.0
2014-09-25,13.25,13.1,13.4,13.03,7523796.0,99684512.0
2014-09-26,13.01,13.09,13.15,12.99,3987986.0,52099380.0
2014-09-29,13.1,13.23,13.3,13.1,5624511.0,74102528.0
2014-09-30,13.23,13.28,13.3,13.15,5246080.0,69507744.0
2014-10-08,12.99,12.91,12.99,12.6,11765713.0,150312656.0
2014-10-09,12.8,13.12,13.15,12.79,10252833.0,132808656.0
2014-10-10,13.02,12.88,13.05,12.8,5746350.0,74276176.0
2014-10-13,12.79,12.79,12.87,12.7,4248719.0,54184464.0
2014-10-14,12.78,12.72,12.89,12.65,4043480.0,51698084.0
2014-10-15,12.74,12.59,12.8,12.53,5127275.0,64642612.0
2014-10-16,12.58,12.25,12.58,12.23,6926180.0,85658904.0
2014-10-17,12.21,12.08,12.32,11.77,5699101.0,68609952.0
2014-10-20,12.11,12.19,12.2,12.03,2993930.0,36342172.0
2014-10-21,12.23,12.03,12.25,12.02,3092394.0,37479660.0
2014-10-22,12.04,11.78,12.09,11.75,3435038.0,40979260.0
2014-10-23,11.78,11.42,11.87,11.4,4380735.0,50717424.0
2014-10-24,11.41,11.38,11.52,11.35,2671709.0,30492706.0
2014-10-27,11.46,11.54,11.58,11.28,2573269.0,29474566.0
2014-10-28,11.42,11.77,11.77,11.42,4006586.0,46706480.0
2014-10-29,11.8,11.75,11.81,11.64,4922699.0,57800440.0
2014-10-30,11.75,11.72,11.82,11.68,3718905.0,43677056.0
2014-10-31,11.72,11.75,11.76,11.52,4855779.0,56539200.0
2014-11-03,11.8,12.0,12.12,11.79,6977807.0,83584272.0
2014-11-04,11.97,12.02,12.05,11.91,4285546.0,51365140.0
2014-11-05,12.02,12.24,12.37,11.95,8262751.0,100948696.0
2014-11-06,12.18,12.21,12.32,12.1,4026760.0,49088244.0
2014-11-07,12.21,12.13,12.26,12.09,4058533.0,49258792.0
2014-11-10,12.1,12.12,12.18,12.06,2940174.0,35623136.0
2014-11-11,12.12,11.61,12.14,11.54,4485766.0,53492592.0
2014-11-12,11.61,11.96,12.03,11.61,2072982.0,24398628.0
2014-11-13,12.14,11.86,12.14,11.62,3220867.0,38318528.0
2014-11-14,11.75,11.73,11.89,11.7,1612826.0,18965454.0
2014-11-17,11.66,11.73,11.82,11.66,1903559.0,22379178.0
2014-11-18,11.71,11.7,11.75,11.6,2345115.0,27377086.0
2014-11-19,11.82,11.73,11.84,11.67,1935918.0,22711270.0
2014-11-20,11.7,11.68,11.75,11.63,2322137.0,27121472.0
2014-11-21,11.68,11.8,11.81,11.25,3486428.0,40902912.0
2014-11-24,11.81,11.9,11.97,11.81,4388144.0,52114940.0
2014-11-25,11.96,11.93,12.02,11.84,4667601.0,55526688.0
2014-11-26,11.93,12.04,12.09,11.87,6308349.0,75348288.0
2014-11-27,12.24,12.23,12.33,12.04,9268164.0,112844208.0
2014-11-28,12.26,12.13,12.34,12.1,6358151.0,77583416.0
2014-12-01,12.23,11.95,12.25,11.91,5337920.0,64303968.0
2014-12-02,11.88,11.93,11.97,11.78,5706437.0,67766760.0
2014-12-03,11.92,11.82,11.92,11.71,5569170.0,65566012.0
2014-12-04,11.86,11.86,11.94,11.79,5787122.0,68582128.0
2014-12-05,11.85,11.75,11.85,11.42,8308917.0,96694632.0
2014-12-08,11.68,11.55,11.68,11.51,4588833.0,53099264.0
2014-12-09,11.52,11.16,11.52,11.15,6925209.0,78379288.0
2014-12-10,11.21,11.3,11.3,11.03,4730132.0,52922404.0
2014-12-11,11.3,11.28,11.38,11.19,3322467.0,37427744.0
2014-12-12,11.32,11.38,11.47,11.24,5362848.0,60857424.0
2014-12-15,11.3,11.45,11.47,11.3,3667075.0,41850016.0
2014-12-16,11.45,11.35,11.48,11.33,3211485.0,36511132.0
2014-12-17,11.4,11.2,11.44,11.1,4865222.0,54460420.0
2014-12-18,11.2,11.28,11.39,11.13,4189965.0,47218136.0
2014-12-19,11.26,11.0,11.26,10.75,7455289.0,82237832.0
2014-12-22,11.01,10.75,11.05,10.12,6611146.0,68964864.0
2014-12-23,10.44,10.58,10.58,10.14,4667477.0,47882404.0
2014-12-24,10.46,10.57,10.57,10.28,4171692.0,43552304.0
2014-12-25,10.59,10.67,10.78,10.5,5271515.0,56139544.0
2014-12-26,10.5,10.57,10.69,10.5,2482131.0,26337712.0
2014-12-29,10.57,10.29,10.57,10.21,2849444.0,29498808.0
2014-12-30,10.27,9.76,10.27,9.76,6165821.0,61294068.0
2014-12-31,9.8,9.7,9.89,9.66,3695628.0,36031920.0
2015-01-05,9.7,9.55,9.81,9.36,7679951.0,73385352.0
2015-01-06,9.58,9.98,10.3,9.48,12043484.0,119110096.0
2015-01-07,9.9,9.97,10.13,9.86,4638905.0,46365808.0
2015-01-08,9.97,9.83,10.01,9.79,4381310.0,43120932.0
2015-01-09,9.8,9.6,9.94,9.6,5106531.0,49956948.0
2015-01-12,9.65,10.19,10.2,9.64,12314614.0,123501200.0
2015-01-13,10.15,10.32,10.42,10.07,11186403.0,114803840.0
2015-01-14,10.32,10.03,10.32,10.01,5489990.0,55390408.0
2015-01-15,10.03,10.12,10.39,9.9,6850616.0,69339648.0
2015-01-16,10.01,10.1,10.17,9.96,5358285.0,53870360.0
2015-01-19,9.93,9.91,10.27,9.8,5220523.0,52356628.0
2015-01-20,9.95,10.3,10.33,9.92,7673182.0,78012664.0
2015-01-21,10.25,10.67,10.82,10.22,12562786.0,131850224.0
2015-01-22,10.41,10.55,10.6,10.26,11559062.0,120681200.0
2015-01-23,10.46,10.36,10.58,10.33,6437281.0,67102016.0
2015-01-26,10.35,10.63,10.68,10.31,6735567.0,70959560.0
2015-01-27,10.56,10.94,11.0,10.54,13840489.0,149262464.0
2015-01-28,10.8,11.17,11.36,10.8,19119032.0,213256912.0
2015-01-29,11.15,11.13,11.33,10.9,10316938.0,115097112.0
2015-01-30,11.14,10.75,11.18,10.75,7243474.0,78765904.0
2015-02-02,10.6,10.65,10.8,10.43,3369328.0,35788680.0
2015-02-03,10.64,10.71,10.85,10.61,4255448.0,45722888.0
2015-02-04,10.71,10.47,10.74,10.4,5628731.0,59454592.0
2015-02-05,10.49,11.16,11.2,10.48,11651025.0,127332216.0
2015-02-06,11.0,10.78,11.08,10.68,7176548.0,78349640.0
2015-02-09,10.72,10.21,10.78,10.15,6064701.0,62894768.0
2015-02-10,10.22,10.3,10.53,10.2,3600820.0,37309232.0
2015-02-11,10.31,10.62,10.69,10.31,3844762.0,40621268.0
2015-02-12,10.62,10.68,10.7,10.49,3837491.0,40678612.0
2015-02-13,10.69,10.83,11.0,10.68,5379251.0,58383076.0
2015-02-16,10.78,11.05,11.1,10.75,6013099.0,66006172.0
2015-02-17,11.05,11.07,11.1,10.88,5030916.0,55392560.0
2015-02-25,11.03,10.89,11.04,10.89,3976722.0,43603904.0
2015-02-26,10.91,11.03,11.12,10.91,3772707.0,41578496.0
2015-02-27,11.1,11.23,11.27,10.96,7310697.0,81238776.0
2015-03-02,11.2,11.36,11.4,11.05,8314248.0,93622624.0
2015-03-03,11.36,11.65,11.8,11.23,15576175.0,179262784.0
2015-03-04,11.55,11.71,11.74,11.45,8242347.0,95530488.0
2015-03-05,11.7,11.69,11.77,11.51,6914250.0,80354896.0
2015-03-06,11.66,11.4,11.79,11.36,7003872.0,80682520.0
2015-03-09,11.38,11.66,11.69,11.2,5802743.0,66599424.0
2015-03-10,11.66,11.55,11.84,11.48,8728467.0,101718176.0
2015-03-11,11.62,11.92,12.19,11.51,16691636.0,198772960.0
2015-03-12,11.8,11.58,11.9,11.46,10403222.0,121265192.0
2015-03-13,11.53,11.64,11.67,11.5,5091378.0,58989140.0
2015-03-16,11.7,11.9,11.95,11.61,10931688.0,129552624.0
2015-03-17,11.93,12.26,12.3,11.86,15159474.0,183195552.0
2015-03-18,12.2,12.22,12.29,12.05,12324687.0,149978416.0
2015-03-19,12.2,12.37,12.38,12.07,12950566.0,159071888.0
2015-03-20,12.37,12.32,12.56,12.2,10111893.0,124772296.0
2015-03-23,12.43,12.41,12.43,12.14,14423258.0,176967904.0
2015-03-24,12.36,12.87,12.96,12.16,23013244.0,288755904.0
2015-03-25,12.77,13.09,13.14,12.62,17381264.0,224864768.0
2015-03-26,13.01,12.57,13.01,12.5,11043340.0,140616704.0
2015-03-27,12.57,12.77,12.84,12.45,8697605.0,110432760.0
2015-03-30,12.8,12.74,12.85,12.61,8467542.0,107884208.0
2015-03-31,12.6,12.8,12.83,12.48,10052339.0,127416816.0
2015-04-01,12.78,13.27,13.53,12.76,19403512.0,254433072.0
2015-04-02,13.39,13.41,13.77,13.23,18784008.0,252768256.0
2015-04-03,13.29,13.67,13.77,13.15,16624763.0,225651392.0
2015-04-07,13.68,13.95,14.1,13.47,14948548.0,207393872.0
2015-04-08,13.91,13.75,13.95,13.4,13511955.0,185270256.0
2015-04-09,13.63,13.4,13.68,12.93,9426235.0,125217760.0
2015-04-10,13.27,13.86,13.97,13.27,10837760.0,149147024.0
2015-04-13,14.0,14.51,14.75,13.9,17135228.0,245749312.0
2015-04-14,14.5,14.32,14.91,14.02,12497726.0,181182080.0
2015-04-15,14.31,14.3,15.17,14.05,21775562.0,320190464.0
2015-04-16,14.09,14.22,14.79,13.63,12652583.0,180638368.0
2015-04-17,14.25,14.92,14.98,14.16,18793636.0,274651616.0
2015-04-20,14.92,14.92,14.92,14.92,0.0,0.0
2015-04-21,14.92,14.92,14.92,14.92,0.0,0.0
2015-04-22,14.92,14.92,14.92,14.92,0.0,0.0
2015-04-23,14.92,14.92,14.92,14.92,0.0,0.0
2015-04-24,14.92,14.92,14.92,14.92,0.0,0.0
2015-04-27,14.92,14.92,14.92,14.92,0.0,0.0
2015-04-28,14.92,14.92,14.92,14.92,0.0,0.0
2015-04-29,14.92,14.92,14.92,14.92,0.0,0.0
2015-04-30,14.92,14.92,14.92,14.92,0.0,0.0
2015-05-04,14.92,14.92,14.92,14.92,0.0,0.0
2015-05-05,14.92,14.92,14.92,14.92,0.0,0.0
2015-05-06,14.92,14.92,14.92,14.92,0.0,0.0
2015-05-07,14.92,14.92,14.92,14.92,0.0,0.0
2015-05-08,14.92,14.92,14.92,14.92,0.0,0.0
2015-05-11,14.92,14.92,14.92,14.92,0.0,0.0
2015-05-12,14.92,14.92,14.92,14.92,0.0,0.0
2015-05-13,14.92,14.92,14.92,14.92,0.0,0.0
2015-05-14,14.92,14.92,14.92,14.92,0.0,0.0
2015-05-15,14.92,14.92,14.92,14.92,0.0,0.0
2015-05-18,14.92,14.92,14.92,14.92,0.0,0.0
2015-05-19,14.92,14.92,14.92,14.92,0.0,0.0
2015-05-20,14.92,14.92,14.92,14.92,0.0,0.0
2015-05-21,14.92,14.92,14.92,14.92,0.0,0.0
2015-05-22,14.92,14.92,14.92,14.92,0.0,0.0
2015-05-25,14.92,14.92,14.92,14.92,0.0,0.0
2015-05-26,14.92,14.92,14.92,14.92,0.0,0.0
2015-05-27,14.92,14.92,14.92,14.92,0.0,0.0
2015-05-28,14.92,14.92,14.92,14.92,0.0,0.0
2015-05-29,14.92,14.92,14.92,14.92,0.0,0.0
2015-06-01,14.92,14.92,14.92,14.92,0.0,0.0
2015-06-02,14.92,14.92,14.92,14.92,0.0,0.0
2015-06-03,14.92,14.92,14.92,14.92,0.0,0.0
2015-06-04,14.92,14.92,14.92,14.92,0.0,0.0
2015-06-05,14.92,14.92,14.92,14.92,0.0,0.0
2015-06-08,14.92,14.92,14.92,14.92,0.0,0.0
2015-06-09,14.92,14.92,14.92,14.92,0.0,0.0
2015-06-10,14.92,14.92,14.92,14.92,0.0,0.0
2015-06-11,14.92,14.92,14.92,14.92,0.0,0.0
2015-06-12,14.92,14.92,14.92,14.92,0.0,0.0
2015-06-15,14.92,14.92,14.92,14.92,0.0,0.0
2015-06-16,14.92,14.92,14.92,14.92,0.0,0.0
2015-06-17,14.92,14.92,14.92,14.92,0.0,0.0
2015-06-18,14.92,14.92,14.92,14.92,0.0,0.0
2015-06-19,14.92,14.92,14.92,14.92,0.0,0.0
2015-06-23,14.92,14.92,14.92,14.92,0.0,0.0
2015-06-24,14.92,14.92,14.92,14.92,0.0,0.0
2015-06-25,14.92,14.92,14.92,14.92,0.0,0.0
2015-06-26,14.92,14.92,14.92,14.92,0.0,0.0
2015-06-29,14.92,14.92,14.92,14.92,0.0,0.0
2015-06-30,14.92,14.92,14.92,14.92,0.0,0.0
2015-07-01,14.92,14.92,14.92,14.92,0.0,0.0
2015-07-02,14.92,14.92,14.92,14.92,0.0,0.0
2015-07-03,14.92,14.92,14.92,14.92,0.0,0.0
2015-07-06,14.92,14.92,14.92,14.92,0.0,0.0
2015-07-07,14.92,14.92,14.92,14.92,0.0,0.0
2015-07-08,14.92,14.92,14.92,14.92,0.0,0.0
2015-07-09,14.92,14.92,14.92,14.92,0.0,0.0
2015-07-10,14.92,14.92,14.92,14.92,0.0,0.0
2015-07-13,14.92,14.92,14.92,14.92,0.0,0.0
2015-07-14,14.92,14.92,14.92,14.92,0.0,0.0
2015-07-15,14.92,14.92,14.92,14.92,0.0,0.0
2015-07-16,14.92,14.92,14.92,14.92,0.0,0.0
2015-07-17,14.92,14.92,14.92,14.92,0.0,0.0
2015-07-20,14.92,14.92,14.92,14.92,0.0,0.0
2015-07-21,14.92,14.92,14.92,14.92,0.0,0.0
2015-07-22,14.92,14.92,14.92,14.92,0.0,0.0
2015-07-23,14.92,14.92,14.92,14.92,0.0,0.0
2015-07-24,14.92,14.92,14.92,14.92,0.0,0.0
2015-07-27,14.92,14.92,14.92,14.92,0.0,0.0
2015-07-28,14.92,14.92,14.92,14.92,0.0,0.0
2015-07-29,14.92,14.92,14.92,14.92,0.0,0.0
2015-07-30,14.92,14.92,14.92,14.92,0.0,0.0
2015-07-31,14.92,14.92,14.92,14.92,0.0,0.0
2015-08-03,14.92,14.92,14.92,14.92,0.0,0.0
2015-08-04,14.92,14.92,14.92,14.92,0.0,0.0
2015-08-05,14.92,14.92,14.92,14.92,0.0,0.0
2015-08-06,14.92,14.92,14.92,14.92,0.0,0.0
2015-08-07,14.92,14.92,14.92,14.92,0.0,0.0
2015-08-10,14.92,14.92,14.92,14.92,0.0,0.0
2015-08-11,14.92,14.92,14.92,14.92,0.0,0.0
2015-08-12,14.92,14.92,14.92,14.92,0.0,0.0
2015-08-13,14.92,14.92,14.92,14.92,0.0,0.0
2015-08-14,14.92,14.92,14.92,14.92,0.0,0.0
2015-08-17,14.92,14.92,14.92,14.92,0.0,0.0
2015-08-18,14.92,14.92,14.92,14.92,0.0,0.0
2015-08-19,14.92,14.92,14.92,14.92,0.0,0.0
2015-08-20,14.92,14.92,14.92,14.92,0.0,0.0
2015-08-21,14.92,14.92,14.92,14.92,0.0,0.0
2015-08-24,14.92,14.92,14.92,14.92,0.0,0.0
2015-08-25,14.92,14.92,14.92,14.92,0.0,0.0
2015-08-26,14.92,14.92,14.92,14.92,0.0,0.0
2015-08-27,14.92,14.92,14.92,14.92,0.0,0.0
2015-08-28,14.92,14.92,14.92,14.92,0.0,0.0
2015-08-31,14.92,14.92,14.92,14.92,0.0,0.0
2015-09-01,14.92,14.92,14.92,14.92,0.0,0.0
2015-09-02,14.92,14.92,14.92,14.92,0.0,0.0
2015-09-07,14.92,14.92,14.92,14.92,0.0,0.0
2015-09-08,14.92,14.92,14.92,14.92,0.0,0.0
2015-09-09,14.92,14.92,14.92,14.92,0.0,0.0
2015-09-10,14.92,14.92,14.92,14.92,0.0,0.0
2015-09-11,14.92,14.92,14.92,14.92,0.0,0.0
2015-09-14,14.92,14.92,14.92,14.92,0.0,0.0
2015-09-15,14.92,14.92,14.92,14.92,0.0,0.0
2015-09-16,14.92,14.92,14.92,14.92,0.0,0.0
2015-09-17,14.92,14.92,14.92,14.92,0.0,0.0
2015-09-18,14.92,14.92,14.92,14.92,0.0,0.0
2015-09-21,14.92,14.92,14.92,14.92,0.0,0.0
2015-09-22,14.92,14.92,14.92,14.92,0.0,0.0
2015-09-23,14.92,14.92,14.92,14.92,0.0,0.0
2015-09-24,14.92,14.92,14.92,14.92,0.0,0.0
2015-09-25,14.92,14.92,14.92,14.92,0.0,0.0
2015-09-28,14.92,14.92,14.92,14.92,0.0,0.0
2015-09-29,14.92,14.92,14.92,14.92,0.0,0.0
2015-09-30,14.92,14.92,14.92,14.92,0.0,0.0
2015-10-08,14.92,14.92,14.92,14.92,0.0,0.0
2015-10-09,13.43,13.43,13.43,13.43,110100.0,1478643.0
2015-10-12,12.09,12.09,12.09,12.09,4552800.0,55043352.0
2015-10-13,11.5,11.51,12.09,11.2,47394704.0,546228800.0
2015-10-14,11.27,11.68,11.76,11.25,28034264.0,323857472.0
2015-10-15,11.4,11.77,11.8,11.4,21088364.0,245643952.0
2015-10-16,11.72,11.83,12.2,11.7,22347214.0,266277200.0
2015-10-19,11.85,11.66,11.87,11.47,19089260.0,221505664.0
2015-10-20,11.66,12.02,12.21,11.62,20749576.0,247141744.0
2015-10-21,11.91,11.39,12.03,10.94,16812080.0,194630800.0
2015-10-22,11.37,12.15,12.3,11.31,23858564.0,282511392.0
2015-10-23,12.23,12.09,12.25,11.85,17394174.0,209381392.0
2015-10-26,12.15,12.26,12.57,11.86,19302380.0,235556736.0
2015-10-27,12.0,12.53,12.71,11.66,18895290.0,231767440.0
2015-10-28,12.4,12.0,12.64,11.99,14854545.0,182451808.0
2015-10-29,12.1,12.1,12.27,11.86,7868057.0,95268000.0
2015-10-30,12.07,12.06,12.26,11.9,7789853.0,94226408.0
2015-11-02,11.5,11.64,12.01,11.5,7698950.0,90494544.0
2015-11-03,11.64,11.82,11.95,11.6,4474914.0,52897120.0
2015-11-04,11.8,12.28,12.39,11.8,9526361.0,116087864.0
2015-11-05,12.24,12.38,12.68,12.24,15250750.0,190332672.0
2015-11-06,12.48,12.53,12.76,12.45,8491962.0,106841616.0
2015-11-09,12.44,12.77,13.1,12.21,12342627.0,157254624.0
2015-11-10,12.75,13.15,13.2,12.56,14694370.0,189828800.0
2015-11-11,13.18,13.03,13.46,12.9,9185943.0,120750488.0
2015-11-12,13.24,13.03,13.38,12.88,10293102.0,135628624.0
2015-11-13,12.99,13.46,14.1,12.97,17152144.0,232689760.0
2015-11-16,13.05,13.68,13.78,13.01,8702857.0,117245136.0
2015-11-17,13.8,13.78,14.05,13.55,10122210.0,139133184.0
2015-11-18,13.8,13.85,14.48,13.66,12352778.0,174559568.0
2015-11-19,13.85,14.64,14.88,13.75,13163886.0,189980320.0
2015-11-20,14.65,14.84,15.02,14.4,12156573.0,178525552.0
2015-11-23,14.87,14.74,15.0,14.58,9102072.0,134135920.0
2015-11-24,14.65,14.92,15.58,14.41,13871974.0,209050096.0
2015-11-25,14.81,14.92,15.11,14.61,9146525.0,136440496.0
2015-11-26,14.96,15.08,15.35,14.83,9127064.0,137300336.0
2015-11-27,15.02,13.9,15.16,13.6,12234225.0,176814224.0
2015-11-30,14.08,14.58,14.68,13.76,10203891.0,145615168.0
2015-12-01,14.6,14.6,14.85,14.27,8079947.0,117556680.0
2015-12-02,14.58,16.06,16.06,14.0,20771296.0,318864352.0
2015-12-03,16.02,16.28,16.35,15.63,15028417.0,240393328.0
2015-12-04,15.97,16.15,16.3,15.76,10050966.0,160891232.0
2015-12-07,16.26,16.22,16.91,15.91,12057547.0,197215552.0
2015-12-08,16.07,16.35,16.66,15.65,10853248.0,174810128.0
2015-12-09,16.08,15.88,16.23,15.76,5481228.0,87505952.0
2015-12-10,15.94,15.77,16.17,15.64,5780059.0,91689872.0
2015-12-11,15.77,16.12,16.26,15.6,6481376.0,103626848.0
2015-12-14,15.89,15.99,16.63,15.76,7893780.0,127247816.0
2015-12-15,15.91,16.35,17.4,15.9,18158092.0,301050464.0
2015-12-16,16.5,16.73,17.2,16.3,13521247.0,225772688.0
2015-12-17,16.63,17.5,17.59,16.62,13543263.0,230689136.0
2015-12-18,17.4,17.9,18.12,17.03,11718227.0,206346128.0
2015-12-21,17.69,17.68,17.94,17.37,8020890.0,141435184.0
2015-12-22,17.53,17.65,17.86,17.26,6692490.0,117509952.0
2015-12-23,17.5,17.9,18.37,17.26,9522771.0,169061216.0
2015-12-24,17.72,18.14,18.17,17.54,5317159.0,95112440.0
2015-12-25,18.15,19.3,19.47,18.06,10614524.0,200131744.0
2015-12-28,19.05,18.54,19.44,18.3,8764752.0,164928768.0
2015-12-29,18.69,18.42,18.69,17.88,5342605.0,97513352.0
2015-12-30,18.48,18.8,18.9,18.28,6762156.0,126096152.0
2015-12-31,18.82,18.7,19.17,18.4,5789149.0,109091152.0
2016-01-04,18.47,16.83,18.7,16.83,7086003.0,122820552.0
2016-01-05,15.23,15.78,16.33,15.15,12162694.0,188898560.0
2016-01-06,15.51,16.23,16.37,15.51,9932169.0,158221120.0
2016-01-07,15.78,14.61,15.93,14.61,3997700.0,60060532.0
2016-01-08,14.8,15.0,15.41,14.01,10616314.0,158614384.0
2016-01-11,14.62,15.05,15.06,14.2,7477848.0,109577456.0
2016-01-12,14.95,14.88,15.37,14.7,8899336.0,133543416.0
2016-01-13,14.9,13.54,15.04,13.54,8286362.0,118020968.0
2016-01-14,13.06,13.6,13.84,12.5,8546483.0,112049040.0
2016-01-15,13.51,12.85,13.77,12.68,7846220.0,103643584.0
2016-01-18,12.65,13.93,14.14,12.58,7744650.0,105544528.0
2016-01-19,14.0,14.68,14.79,13.88,9080429.0,130176056.0
2016-01-20,14.42,15.0,15.2,14.34,8913202.0,133141928.0
2016-01-21,14.7,14.65,15.17,14.6,7310723.0,108831016.0
2016-01-22,14.81,15.17,15.39,14.55,5217074.0,77914976.0
2016-01-25,15.21,15.15,15.25,14.89,4107888.0,61934796.0
2016-01-26,15.05,14.4,15.05,13.65,6637951.0,96410424.0
2016-01-27,14.14,13.97,14.5,13.38,4455465.0,62514280.0
2016-01-28,13.95,13.4,14.01,13.4,3011600.0,41376352.0
2016-01-29,13.2,14.0,14.15,13.2,2903724.0,40037624.22
2016-02-01,13.99,13.47,14.03,13.42,2898392.0,39612551.77
2016-02-02,13.34,13.81,13.95,13.34,2955268.0,40696420.05
2016-02-03,13.65,13.8,13.92,13.5,2063254.0,28284170.97
2016-02-04,13.89,14.07,14.29,13.88,3382393.0,47586237.95
2016-02-05,14.18,14.06,14.66,13.97,2925996.0,41677912.25
2016-02-15,13.71,14.1,14.25,13.57,2722437.0,37951023.05
2016-02-16,14.17,14.77,15.0,14.1,4548773.0,66605819.46
2016-02-17,14.84,14.86,15.32,14.5,4707695.0,69931551.67
2016-02-18,15.3,15.1,15.39,14.6,11136598.0,166595140.52
2016-02-19,14.8,14.8,14.98,14.75,4808234.0,71393574.94
2016-02-22,15.03,15.3,15.45,14.88,6903742.0,105011107.49
2016-02-23,15.21,16.03,16.15,15.1,8194999.0,128955245.48
2016-02-24,16.07,15.84,16.11,15.4,5289211.0,83306477.3
2016-02-25,15.8,14.27,15.88,14.26,6852798.0,102216216.27
2016-02-26,14.94,14.6,14.94,14.27,4666116.0,67999685.06
2016-02-29,14.35,13.96,14.58,13.14,3877120.0,53519694.47
2016-03-01,13.84,13.96,14.16,13.51,2704171.0,37686163.55
2016-03-02,13.9,14.39,14.55,13.73,3708879.0,52632049.34
2016-03-03,14.59,14.5,15.03,14.3,4247297.0,62513801.18
2016-03-04,14.31,14.32,15.01,14.18,3702149.0,53796417.85
2016-03-07,14.41,14.43,14.89,14.3,2323260.0,33706700.78
2016-03-08,14.41,15.17,15.21,14.01,5561246.0,82356984.13
2016-03-09,15.03,14.8,15.17,14.7,2917863.0,43535949.17
2016-03-10,14.75,14.95,15.1,14.73,3772657.0,56289439.99
2016-03-11,14.0,14.48,15.1,14.0,3926940.0,56214728.59
2016-03-14,14.43,14.8,15.04,14.41,3962394.0,58512771.29
2016-03-15,14.8,14.7,14.99,14.55,2161428.0,31882138.04
2016-03-16,15.68,14.53,15.68,14.48,4773151.0,71648286.26
2016-03-17,14.4,15.01,15.1,14.3,4579828.0,68170024.4
2016-03-18,15.09,15.54,15.66,14.94,7220185.0,110313131.01
2016-03-21,15.7,16.4,16.4,15.64,8980015.0,143771672.3
2016-03-22,16.18,16.35,16.9,16.0,7370885.0,121721493.12
2016-03-23,16.18,16.25,16.47,15.8,4575186.0,73669966.2
2016-03-24,16.12,15.9,16.2,15.89,3933329.0,62990609.87
2016-03-25,15.81,16.18,16.22,15.81,3398644.0,54692896.85
2016-03-28,16.45,16.55,17.27,16.39,7043276.0,118076623.71
2016-03-29,16.77,17.0,17.28,16.41,7442097.0,125739201.43
2016-03-30,17.01,17.8,17.87,16.73,8631223.0,151351131.14
2016-03-31,17.94,17.61,17.96,17.45,4918970.0,86899519.63
2016-04-01,17.6,17.79,17.86,17.35,4454913.0,78471302.92
2016-04-05,17.79,18.2,18.4,17.72,5526425.0,100266255.47
2016-04-06,18.25,18.28,18.6,17.94,4864213.0,88988738.64
2016-04-07,18.31,17.67,18.43,17.67,5178831.0,92796956.18
2016-04-08,17.57,18.1,18.11,16.89,6485500.0,113875928.73
2016-04-11,17.72,17.93,18.14,17.6,3738772.0,66834620.4
2016-04-12,17.93,17.93,17.93,17.93,0.0,0.0
2016-04-13,17.93,17.93,17.93,17.93,0.0,0.0
2016-04-14,17.93,17.93,17.93,17.93,0.0,0.0
2016-04-15,17.93,17.93,17.93,17.93,0.0,0.0
2016-04-18,17.93,17.93,17.93,17.93,0.0,0.0
2016-04-19,17.93,17.93,17.93,17.93,0.0,0.0
2016-04-20,17.93,17.93,17.93,17.93,0.0,0.0
2016-04-21,17.93,17.93,17.93,17.93,0.0,0.0
2016-04-22,17.93,17.93,17.93,17.93,0.0,0.0
2016-04-25,17.93,17.93,17.93,17.93,0.0,0.0
2016-04-26,17.93,17.93,17.93,17.93,0.0,0.0
2016-04-27,17.93,17.93,17.93,17.93,0.0,0.0
2016-04-28,17.93,17.93,17.93,17.93,0.0,0.0
2016-04-29,17.93,17.93,17.93,17.93,0.0,0.0
2016-05-03,17.93,17.93,17.93,17.93,0.0,0.0
2016-05-04,17.93,17.93,17.93,17.93,0.0,0.0
2016-05-05,17.93,17.93,17.93,17.93,0.0,0.0
2016-05-06,17.93,17.93,17.93,17.93,0.0,0.0
2016-05-09,17.93,17.93,17.93,17.93,0.0,0.0
2016-05-10,17.93,17.93,17.93,17.93,0.0,0.0
2016-05-11,17.93,17.93,17.93,17.93,0.0,0.0
2016-05-12,17.93,17.93,17.93,17.93,0.0,0.0
2016-05-13,17.93,17.93,17.93,17.93,0.0,0.0
2016-05-16,17.93,17.93,17.93,17.93,0.0,0.0
2016-05-17,17.93,17.93,17.93,17.93,0.0,0.0
2016-05-18,17.93,17.93,17.93,17.93,0.0,0.0
2016-05-19,17.93,17.93,17.93,17.93,0.0,0.0
2016-05-20,17.93,17.93,17.93,17.93,0.0,0.0
2016-05-23,17.93,17.93,17.93,17.93,0.0,0.0
2016-05-24,17.93,17.93,17.93,17.93,0.0,0.0
2016-05-25,17.93,17.93,17.93,17.93,0.0,0.0
2016-05-26,17.93,17.93,17.93,17.93,0.0,0.0
2016-05-27,17.93,17.93,17.93,17.93,0.0,0.0
2016-05-30,17.93,17.93,17.93,17.93,0.0,0.0
2016-05-31,17.93,17.93,17.93,17.93,0.0,0.0
2016-06-01,17.93,17.93,17.93,17.93,0.0,0.0
2016-06-02,17.93,17.93,17.93,17.93,0.0,0.0
2016-06-03,17.93,17.93,17.93,17.93,0.0,0.0
2016-06-06,17.93,17.93,17.93,17.93,0.0,0.0
2016-06-07,17.93,17.93,17.93,17.93,0.0,0.0
2016-06-08,17.93,17.93,17.93,17.93,0.0,0.0
2016-06-13,17.93,17.93,17.93,17.93,0.0,0.0
2016-06-14,17.93,17.93,17.93,17.93,0.0,0.0
2016-06-15,17.93,17.93,17.93,17.93,0.0,0.0
2016-06-16,17.93,17.93,17.93,17.93,0.0,0.0
2016-06-17,17.93,17.93,17.93,17.93,0.0,0.0
2016-06-20,17.93,17.93,17.93,17.93,0.0,0.0
2016-06-21,17.93,17.93,17.93,17.93,0.0,0.0
2016-06-22,17.93,17.93,17.93,17.93,0.0,0.0
2016-06-23,17.93,17.93,17.93,17.93,0.0,0.0
2016-06-24,17.93,17.93,17.93,17.93,0.0,0.0
2016-06-27,17.93,17.93,17.93,17.93,0.0,0.0
2016-06-28,17.93,17.93,17.93,17.93,0.0,0.0
2016-06-29,17.93,17.93,17.93,17.93,0.0,0.0
2016-06-30,17.93,17.93,17.93,17.93,0.0,0.0
2016-07-01,17.93,17.93,17.93,17.93,0.0,0.0
2016-07-04,17.93,17.93,17.93,17.93,0.0,0.0
2016-07-05,17.93,17.93,17.93,17.93,0.0,0.0
2016-07-06,17.93,17.93,17.93,17.93,0.0,0.0
2016-07-07,17.93,17.93,17.93,17.93,0.0,0.0
2016-07-08,17.93,17.93,17.93,17.93,0.0,0.0
2016-07-11,17.93,17.93,17.93,17.93,0.0,0.0
2016-07-12,17.93,17.93,17.93,17.93,0.0,0.0
2016-07-13,17.93,17.93,17.93,17.93,0.0,0.0
2016-07-14,17.93,17.93,17.93,17.93,0.0,0.0
2016-07-15,17.93,17.93,17.93,17.93,0.0,0.0
2016-07-18,17.93,17.93,17.93,17.93,0.0,0.0
2016-07-19,17.93,17.93,17.93,17.93,0.0,0.0
2016-07-20,17.93,17.93,17.93,17.93,0.0,0.0
2016-07-21,17.93,17.93,17.93,17.93,0.0,0.0
2016-07-22,17.93,17.93,17.93,17.93,0.0,0.0
2016-07-25,17.93,17.93,17.93,17.93,0.0,0.0
2016-07-26,17.93,17.93,17.93,17.93,0.0,0.0
2016-07-27,17.93,17.93,17.93,17.93,0.0,0.0
2016-07-28,17.93,17.93,17.93,17.93,0.0,0.0
2016-07-29,17.93,17.93,17.93,17.93,0.0,0.0
2016-08-01,17.93,17.93,17.93,17.93,0.0,0.0
2016-08-02,17.93,17.93,17.93,17.93,0.0,0.0
2016-08-03,17.93,17.93,17.93,17.93,0.0,0.0
2016-08-04,17.93,17.93,17.93,17.93,0.0,0.0
2016-08-05,17.93,17.93,17.93,17.93,0.0,0.0
2016-08-08,17.93,17.93,17.93,17.93,0.0,0.0
2016-08-09,17.93,17.93,17.93,17.93,0.0,0.0
2016-08-10,17.93,17.93,17.93,17.93,0.0,0.0
2016-08-11,17.03,17.03,17.03,17.03,128700.0,2191761.0
2016-08-12,16.18,16.18,16.18,16.18,85300.0,1380154.0
2016-08-15,15.37,15.37,15.37,15.37,671900.0,10327103.0
2016-08-16,14.6,14.6,15.1,14.6,22401172.0,328449490.78
2016-08-17,14.15,14.41,14.46,14.05,18540930.0,263103122.36
2016-08-18,14.25,14.78,14.92,14.21,12804822.0,186856055.48
2016-08-19,14.78,14.51,14.79,14.4,6189992.0,90010278.59
2016-08-22,14.48,14.22,14.48,14.17,5271499.0,75351844.2
2016-08-23,14.23,14.35,14.36,14.16,3070614.0,43803964.02
2016-08-24,14.35,14.23,14.37,14.2,3843819.0,54817880.6
2016-08-25,14.1,13.8,14.12,13.76,5021846.0,69686933.83
2016-08-26,13.82,13.96,14.07,13.82,3364285.0,46920548.27
2016-08-29,13.95,14.02,14.18,13.88,3168916.0,44422846.61
2016-08-30,14.04,14.16,14.29,14.03,3779678.0,53552066.17
2016-08-31,14.19,14.2,14.2,14.04,2218150.0,31260240.47
2016-09-01,14.19,14.34,14.48,14.13,3633325.0,51954292.43
2016-09-02,14.38,14.42,14.77,14.3,5288011.0,76884768.98
2016-09-05,14.4,14.41,14.49,14.19,2291505.0,32904217.44
2016-09-06,14.41,14.51,14.54,14.21,3170637.0,45646966.63
2016-09-07,14.58,14.44,14.61,14.42,2520101.0,36620088.37
2016-09-08,14.5,14.53,14.61,14.37,2636097.0,38231113.62
2016-09-09,14.51,14.59,14.73,14.41,3127502.0,45713571.58
2016-09-12,14.29,13.88,14.46,13.86,4407004.0,62083232.74
2016-09-13,14.05,13.89,14.07,13.73,3672842.0,50929720.91
2016-09-14,13.8,13.93,14.05,13.69,1920337.0,26749665.06
2016-09-19,14.04,14.06,14.13,13.96,1782127.0,25000064.69
2016-09-20,14.12,13.93,14.16,13.87,4305415.0,60298833.39
2016-09-21,13.96,13.71,14.0,13.71,6527479.0,90484050.1
2016-09-22,13.81,14.0,14.02,13.71,4474888.0,62172356.37
2016-09-23,14.03,14.09,14.26,13.9,4733480.0,66830356.56
2016-09-26,14.11,13.85,14.11,13.8,3453000.0,48202229.46
2016-09-27,13.75,14.06,14.13,13.71,2165255.0,30153441.91
2016-09-28,14.0,14.26,14.37,13.97,3355607.0,47565817.24
2016-09-29,14.21,14.26,14.42,14.21,2553852.0,36563889.14
2016-09-30,14.26,14.48,14.6,14.18,4362241.0,62668240.88
2016-10-10,14.47,14.52,14.88,14.31,3877657.0,56147817.31
2016-10-11,14.5,14.71,14.8,14.45,4196981.0,61454537.7
2016-10-12,14.7,14.74,14.8,14.57,3516082.0,51602326.3
2016-10-13,14.74,14.73,14.84,14.65,3039107.0,44775105.55
2016-10-14,14.75,14.77,14.96,14.6,4854157.0,71661623.81
2016-10-17,14.79,14.54,14.89,14.44,4949839.0,72867303.53
2016-10-18,14.54,14.67,14.78,14.5,3701359.0,54036628.42
2016-10-19,14.66,15.06,15.14,14.61,7002145.0,104551493.41
2016-10-20,15.0,15.6,15.81,14.9,8692819.0,134888355.58
2016-10-21,15.48,15.42,15.75,15.23,5684824.0,88123024.38
2016-10-24,15.42,15.6,15.84,15.36,3736218.0,58181847.64
2016-10-25,15.65,15.7,15.81,15.51,3597355.0,56486108.19
2016-10-26,15.73,16.25,16.42,15.71,5752577.0,92909263.1
2016-10-27,16.24,16.4,16.54,16.2,4370753.0,71588445.22
2016-10-28,16.4,15.58,16.41,15.58,9471325.0,149446901.83
2016-10-31,15.49,15.3,15.49,15.14,4940585.0,75583012.75
2016-11-01,15.42,15.85,15.85,15.42,5132757.0,80700596.27
2016-11-02,15.79,16.37,16.43,15.78,6965189.0,112300212.46
2016-11-03,16.36,16.76,17.05,16.22,6654825.0,111497484.04
2016-11-04,16.61,16.82,17.05,16.57,5629360.0,94877645.08
2016-11-07,16.82,16.97,17.33,16.81,4683712.0,80116886.4
2016-11-08,17.0,16.96,17.27,16.74,3981801.0,67460200.36
2016-11-09,17.2,17.45,17.49,16.81,8415343.0,144508933.58
2016-11-10,17.46,18.02,18.16,17.3,6934710.0,124182759.66
2016-11-11,18.12,18.18,18.37,17.85,5586498.0,101136915.48
2016-11-14,18.2,18.95,19.02,18.2,8253933.0,155209641.28
2016-11-15,18.75,18.59,19.29,18.51,7130684.0,133873425.75
2016-11-16,18.59,18.59,18.59,18.59,0.0,0.0
2016-11-17,18.59,18.59,18.59,18.59,0.0,0.0
2016-11-18,18.59,18.59,18.59,18.59,0.0,0.0
2016-11-21,18.59,18.59,18.59,18.59,0.0,0.0
2016-11-22,18.59,18.59,18.59,18.59,0.0,0.0
2016-11-23,18.59,18.59,18.59,18.59,0.0,0.0
2016-11-24,18.59,18.59,18.59,18.59,0.0,0.0
2016-11-25,18.59,18.59,18.59,18.59,0.0,0.0
2016-11-28,18.59,18.59,18.59,18.59,0.0,0.0
2016-11-29,18.59,18.59,18.59,18.59,0.0,0.0
2016-11-30,17.66,17.66,18.0,17.66,7408744.0,131040298.33
2016-12-01,17.11,16.93,17.32,16.78,16948288.0,286217425.06
2016-12-02,16.96,17.72,17.78,16.8,8891571.0,153472079.47
2016-12-05,17.38,18.27,18.49,17.38,8678293.0,158519727.98
2016-12-06,18.28,19.03,19.18,18.28,10664725.0,202242982.49
2016-12-07,19.1,18.76,19.16,18.4,5744194.0,108353231.61
2016-12-08,18.83,19.23,19.49,18.7,6481159.0,123836738.33
2016-12-09,19.29,19.15,19.29,18.89,3127526.0,59633663.45
2016-12-12,18.87,18.19,19.03,18.19,4684300.0,85857856.0
2016-12-13,17.8,18.02,18.37,17.28,4070411.0,72065510.47
2016-12-14,17.93,18.03,18.55,17.73,3314517.0,60430903.14
2016-12-15,18.1,17.5,18.25,17.49,4427771.0,78999477.82
2016-12-16,17.58,17.55,17.78,17.3,3197317.0,56072999.68
2016-12-19,17.53,17.83,18.12,17.47,3232317.0,57950427.73
2016-12-20,17.98,17.63,17.98,17.31,1874237.0,33035924.02
2016-12-21,17.77,17.21,17.79,17.16,2468832.0,42933677.8
2016-12-22,17.2,17.02,17.35,16.83,3345253.0,57036066.84
2016-12-23,17.06,16.48,17.06,16.42,3466197.0,57787212.42
2016-12-26,16.59,16.63,16.65,15.91,3131782.0,51181603.28
2016-12-27,16.69,17.01,17.14,16.69,4123009.0,70135832.19
2016-12-28,17.07,17.33,17.62,17.05,4815792.0,83940489.33
2016-12-29,17.33,17.44,17.68,17.15,2261393.0,39515041.64
2016-12-30,17.44,17.62,17.75,17.35,2584968.0,45347724.09
2017-01-03,17.78,17.44,17.97,17.35,2162866.0,37888130.52
2017-01-04,17.31,17.56,17.61,17.1,2533191.0,44256892.79
2017-01-05,17.3,17.4,17.62,17.3,2357801.0,41218670.32
2017-01-06,17.07,16.87,17.25,16.87,3250149.0,55306511.59
2017-01-09,16.78,17.1,17.1,16.73,1873147.0,31614017.4
2017-01-10,17.15,17.29,17.46,17.13,2270972.0,39340444.86
2017-01-11,17.31,16.9,17.38,16.88,1778002.0,30358728.2
2017-01-12,16.9,16.57,16.98,16.57,2045607.0,34284464.56
2017-01-13,16.58,16.58,16.89,16.52,1257329.0,20958389.03
2017-01-16,16.58,16.1,16.68,15.75,2632112.0,42176917.0
2017-01-17,16.17,16.11,16.25,15.64,1360521.0,21623214.86
2017-01-18,16.22,15.88,16.27,15.3,1348250.0,21478557.5
2017-01-19,15.96,15.6,16.49,15.44,3161250.0,50162984.0
2017-01-20,15.59,16.0,16.01,15.31,1169514.0,18550161.5
2017-01-23,16.06,16.16,16.25,15.82,1175148.0,18952448.84
2017-01-24,16.19,16.15,16.3,16.1,1354800.0,21936383.0
2017-01-25,16.26,16.19,16.29,16.12,947769.0,15354576.27
2017-01-26,16.16,16.31,16.32,16.1,847600.0,13761233.0
2017-02-03,16.3,16.62,16.72,16.25,1175630.0,19366890.36
2017-02-06,16.66,16.87,16.96,16.66,1381400.0,23281847.0
2017-02-07,16.97,17.11,17.3,16.88,1207565.0,20677098.15
2017-02-08,17.11,17.58,17.59,17.11,1903791.0,33079852.62
2017-02-09,17.6,18.08,18.46,17.55,6464020.0,117871231.88
2017-02-10,18.1,17.89,18.43,17.65,3611903.0,64837269.66
2017-02-13,17.8,18.18,18.18,17.73,2483800.0,44491754.0
2017-02-14,18.2,18.06,18.2,17.89,1971519.0,35481950.54
2017-02-15,18.07,17.7,18.1,17.5,2396621.0,42697829.72
2017-02-16,17.7,17.8,17.96,17.7,1035462.0,18456477.81
2017-02-17,17.75,17.92,18.3,17.75,2008961.0,36250261.55
2017-02-20,17.95,18.2,18.26,17.9,2393000.0,43382885.98
2017-02-21,18.2,17.97,18.39,17.9,1677120.0,30329633.7
2017-02-22,17.87,17.96,18.14,17.87,705327.0,12677613.81
2017-02-23,17.96,17.84,18.06,17.75,1320404.0,23602165.17
2017-02-24,17.8,18.26,18.27,17.52,2371112.0,42807680.8
2017-02-27,18.39,18.65,18.9,18.17,3421325.0,63669007.25
2017-02-28,18.61,18.77,18.95,18.22,2466939.0,46018784.49
2017-03-01,18.98,19.29,19.68,18.8,6469943.0,124843942.33
2017-03-02,19.23,19.43,19.65,19.11,4805826.0,93267320.41
2017-03-03,19.31,19.44,19.57,19.16,4097343.0,79357992.54
2017-03-06,19.47,20.06,20.33,19.39,5365756.0,106927497.22
2017-03-07,19.97,19.4,20.22,19.31,6954191.0,137049419.77
2017-03-08,19.39,19.05,19.63,18.86,3857200.0,73877105.01
2017-03-09,18.93,19.08,19.39,18.9,3121773.0,59687914.66
2017-03-10,18.82,19.01,19.28,18.82,2405819.0,45930612.71
2017-03-13,19.01,19.1,19.17,18.7,4114215.0,77857375.35
2017-03-14,19.1,19.1,19.1,19.1,0.0,0.0
2017-03-15,19.3,19.6,20.5,19.11,13675898.0,269797944.97
2017-03-16,19.31,19.44,19.95,18.95,8655061.0,167762484.56
2017-03-17,19.05,18.54,19.28,18.52,6199711.0,117620390.11
2017-03-20,18.58,18.75,18.87,17.98,4639738.0,85312589.56
2017-03-21,18.46,18.95,19.14,18.46,3963553.0,74818946.35
2017-03-22,18.95,18.97,19.09,18.56,3591149.0,68077541.26
2017-03-23,19.08,19.35,19.57,19.04,7366197.0,142807992.91
2017-03-24,19.42,19.39,19.66,19.23,4298588.0,83785944.67
2017-03-27,19.38,19.05,19.59,18.9,4278646.0,82367861.51
2017-03-28,19.11,19.07,19.3,18.9,2101853.0,40218639.32
2017-03-29,19.01,18.65,19.17,18.64,2570428.0,48373543.4
2017-03-30,18.5,17.8,18.64,17.72,3671503.0,66458741.62
2017-03-31,17.81,17.73,17.99,17.58,2331172.0,41365861.93
2017-04-05,17.8,18.94,19.16,17.8,5956053.0,110369425.96
2017-04-06,18.94,19.7,19.89,18.85,8864266.0,173410541.3
2017-04-07,19.8,20.38,21.29,19.4,12186730.0,249665113.66
2017-04-10,20.92,20.6,21.26,20.01,6753614.0,139357110.69
2017-04-11,20.58,20.7,20.9,20.1,5773892.0,118035145.84
2017-04-12,20.39,20.0,20.89,20.0,5225690.0,106227532.28
2017-04-13,20.01,20.1,20.2,19.81,4114328.0,82099555.75
2017-04-14,20.09,19.86,20.3,19.83,2963033.0,59402559.37
2017-04-17,19.8,19.62,19.96,19.57,2365687.0,46735023.71
2017-04-18,19.62,19.3,19.86,19.3,2070003.0,40507999.95
2017-04-19,19.31,18.85,19.5,18.43,2307909.0,43665583.75
2017-04-20,18.88,19.15,19.26,18.63,2746641.0,51969927.93
2017-04-21,18.95,18.46,19.16,18.4,2992253.0,55866217.97
2017-04-24,18.38,16.61,18.39,16.61,10596100.0,177779026.77
2017-04-25,16.4,15.7,16.67,15.57,5105400.0,82115642.31
2017-04-26,15.7,16.5,16.65,15.7,2949743.0,48111397.14
2017-04-27,16.9,16.64,16.9,16.29,2542062.0,42321975.72
2017-04-28,16.67,17.0,17.16,16.42,1782703.0,29996594.67
2017-05-02,17.02,17.16,17.33,16.91,1514399.0,25967163.44
2017-05-03,17.19,17.05,17.45,16.9,1544507.0,26544569.44
2017-05-04,17.21,16.83,17.21,16.8,1449350.0,24593163.7
2017-05-05,16.93,16.51,17.0,16.5,960343.0,16032041.1
2017-05-08,16.34,16.83,17.09,16.34,1589897.0,26758307.42
2017-05-09,16.83,16.92,17.17,16.72,971232.0,16407892.0
2017-05-10,16.94,16.31,17.0,15.82,1649380.0,27127752.07
2017-05-11,16.31,15.95,16.33,15.71,1521392.0,24229794.45
2017-05-12,15.95,15.95,16.49,15.82,1452064.0,23260997.33
2017-05-15,16.08,16.0,16.47,15.92,2311250.0,37416011.07
2017-05-16,15.95,16.14,16.14,15.76,1784016.0,28466289.62
2017-05-17,16.14,16.14,16.44,15.91,1170211.0,18984353.64
2017-05-18,15.99,15.7,16.1,15.6,1598776.0,25313583.32
2017-05-19,15.74,15.65,15.89,15.5,1171400.0,18363771.97
2017-05-22,15.66,14.66,15.76,14.51,2508306.0,37739102.84
2017-05-23,14.63,14.92,15.09,14.32,2327901.0,34338162.57
2017-05-24,15.11,14.93,15.26,14.66,1394318.0,20794621.78
2017-05-25,14.96,14.82,15.02,14.74,1087507.0,16177943.6
2017-05-26,14.95,14.86,15.2,14.82,810951.0,12175743.48
2017-05-31,15.09,14.66,15.2,14.64,886219.0,13148790.92
2017-06-01,14.6,13.5,14.75,13.19,1427200.0,20272393.0
2017-06-02,13.3,13.75,13.75,12.5,2869561.0,37416807.62
2017-06-05,13.82,13.82,13.95,13.68,1194368.0,16528558.62
2017-06-06,14.13,14.24,14.4,13.99,1325347.0,18876431.38
2017-06-07,14.24,14.49,14.5,14.04,1395648.0,20031900.53
2017-06-08,14.49,14.89,15.04,14.49,1587754.0,23630657.36
2017-06-09,14.9,14.68,14.9,14.4,1110500.0,16175410.5
2017-06-12,14.68,14.35,14.68,14.0,1465728.0,21063525.61
2017-06-13,14.31,14.83,14.85,14.2,1776805.0,26027128.97
2017-06-14,14.83,14.79,14.94,14.7,1090454.0,16168373.86
2017-06-15,14.87,15.29,15.46,14.71,3147979.0,47685353.39
2017-06-16,15.24,15.67,15.95,15.08,3893523.0,61057600.23
2017-06-19,15.67,15.78,15.88,15.37,1870186.0,29367448.56
2017-06-20,15.68,15.59,16.04,15.59,1917609.0,30355967.82
2017-06-21,15.68,15.63,15.87,15.51,1414330.0,22096694.1
2017-06-22,15.7,15.33,15.7,15.3,1428054.0,22066543.72
2017-06-23,15.48,15.35,15.5,15.1,1315637.0,20115704.73
2017-06-26,15.31,15.37,15.63,15.15,1423102.0,21890338.52
2017-06-27,15.38,15.29,15.59,15.17,1063018.0,16291950.13
2017-06-28,15.26,15.17,15.46,15.12,666300.0,10171173.0
2017-06-29,15.17,15.25,15.37,15.12,694009.0,10571870.01
2017-06-30,15.17,15.45,15.52,15.0,769900.0,11783310.0
2017-07-03,15.49,15.41,15.55,15.2,958167.0,14706494.12
2017-07-04,15.22,15.31,15.5,15.22,769433.0,11837153.16
2017-07-05,15.42,15.02,15.42,14.82,1392401.0,20920497.78
2017-07-06,15.01,15.1,15.16,14.8,1321401.0,19788344.99
2017-07-07,15.01,15.1,15.12,14.85,681792.0,10208673.07
2017-07-10,15.11,14.9,15.11,14.5,1019501.0,15216643.93
2017-07-11,14.9,14.7,14.98,14.6,1105992.0,16322604.16
2017-07-12,14.47,14.65,14.85,14.47,932900.0,13682808.0
2017-07-13,14.5,14.69,14.81,14.5,821700.0,12086778.86
2017-07-14,14.55,14.45,14.75,14.24,855937.0,12413811.8
2017-07-17,14.63,13.72,14.63,13.01,1033714.0,14349029.68
2017-07-18,14.0,13.72,14.0,13.3,730749.0,9931745.77
2017-07-19,13.3,13.78,13.8,13.3,466252.0,6371202.91
2017-07-20,13.51,15.16,15.16,13.51,1692958.0,24353652.66
2017-07-21,15.16,15.54,15.68,15.05,3540244.0,54792775.91
2017-07-24,15.54,15.12,15.54,15.0,1600853.0,24438797.81
2017-07-25,15.11,15.0,15.42,14.85,1273701.0,19212416.98
2017-07-26,14.93,15.12,15.17,14.8,897927.0,13508528.3
2017-07-27,15.0,15.25,15.42,15.0,1286433.0,19626674.04
2017-07-28,15.35,14.95,15.37,14.88,1013746.0,15185436.82
2017-07-31,14.9,14.76,15.02,14.76,1115702.0,16615963.75
2017-08-01,14.77,14.65,14.93,14.47,1348170.0,19666068.46
2017-08-02,14.51,14.16,14.67,14.07,1584576.0,22696204.12
2017-08-03,14.1,14.4,14.55,13.95,1117713.0,15959654.02
2017-08-04,14.34,14.23,14.43,14.17,555829.0,7929228.3
2017-08-07,14.15,14.28,14.39,14.15,558479.0,7983654.12
2017-08-08,14.28,14.73,14.84,14.2,1242429.0,18221450.81
2017-08-09,14.89,14.61,14.89,14.45,513734.0,7524363.44
2017-08-10,14.86,14.59,16.07,14.28,629445.0,9223449.68
2017-08-11,14.67,14.16,14.85,14.16,734900.0,10543443.5
2017-08-14,14.16,14.38,14.52,14.16,588802.0,8480030.4
2017-08-15,14.48,14.59,14.59,14.28,705936.0,10193845.94
2017-08-16,14.48,14.58,14.69,14.35,655178.0,9504481.28
2017-08-17,14.5,15.23,15.48,14.5,1832809.0,27357374.53
2017-08-18,14.87,14.7,15.07,14.55,1285300.0,18968024.7
2017-08-21,14.61,14.71,14.84,14.53,813512.0,11923882.02
2017-08-22,14.61,14.55,14.7,14.42,922760.0,13431887.59
2017-08-23,14.57,15.0,15.04,14.34,1817260.0,26779908.36
2017-08-24,14.88,15.17,15.44,14.75,2664032.0,40574745.96
2017-08-25,15.17,15.26,15.29,15.08,1712169.0,26086897.79
2017-08-28,15.2,15.45,15.73,15.15,1954284.0,30322938.98
2017-08-29,15.4,15.54,15.74,15.34,1609547.0,25131352.64
2017-08-30,15.54,15.31,15.79,15.23,1753567.0,27126488.49
2017-08-31,15.26,15.53,15.55,15.26,1030936.0,15879803.3
2017-09-01,15.52,15.49,15.74,15.43,675001.0,10503122.5
2017-09-04,15.48,15.3,15.6,15.2,893002.0,13698037.57
2017-09-05,15.21,15.55,15.55,15.2,1149074.0,17659460.14
2017-09-06,15.55,16.18,16.39,15.38,2506422.0,39995152.36
2017-09-07,15.99,16.42,16.5,15.86,2626993.0,42792354.42
2017-09-08,16.3,16.8,16.95,16.25,4226974.0,70108727.81
2017-09-11,16.8,16.78,16.82,16.27,3282353.0,54233218.95
2017-09-12,16.6,16.6,16.97,16.43,3144046.0,52533694.4
2017-09-13,16.48,16.59,16.79,16.4,1212552.0,20086043.19
2017-09-14,16.59,16.91,17.99,16.42,6977194.0,118368535.89
2017-09-15,16.64,16.63,16.81,16.19,2831608.0,46314420.36
2017-09-18,16.47,17.19,17.24,16.2,4428752.0,74820163.05
2017-09-19,17.19,17.43,17.87,16.9,6212787.0,108442051.69
2017-09-20,17.28,17.65,17.86,17.2,4251500.0,74376464.36
2017-09-21,17.64,18.22,18.53,17.38,9584436.0,173144504.8
2017-09-22,18.15,18.06,18.44,17.95,4642461.0,84277420.61
2017-09-25,18.06,18.23,18.46,17.92,3155002.0,57502119.44
2017-09-26,18.2,18.47,18.68,18.0,3440832.0,63285586.4
2017-09-27,18.3,18.58,18.8,18.11,4221303.0,77666323.97
2017-09-28,18.46,17.97,18.63,17.89,3218102.0,58783551.94
2017-09-29,18.0,17.64,18.14,17.17,4165311.0,73383100.56
2017-10-09,17.9,17.63,17.9,17.49,1609547.0,28415924.44
2017-10-10,17.63,17.29,17.73,17.15,1905336.0,33209604.33
2017-10-11,17.36,17.23,17.37,17.13,1322400.0,22827014.0
2017-10-12,17.25,16.88,17.41,16.85,2217333.0,37809818.15
2017-10-13,16.89,17.03,17.44,16.8,1925606.0,32963370.97
2017-10-16,17.03,16.71,17.24,16.62,1672000.0,28154424.49
2017-10-17,16.57,16.7,16.84,16.07,1545400.0,25444227.9
2017-10-18,16.7,17.32,17.47,16.7,1939572.0,33331443.14
2017-10-19,17.5,17.61,17.61,17.01,1803519.0,31199277.83
2017-10-20,17.6,17.3,17.69,17.3,963756.0,16835550.0
2017-10-23,17.25,16.9,17.3,16.82,901101.0,15278985.88
2017-10-24,16.9,16.96,17.0,16.66,730301.0,12270171.73
2017-10-25,16.98,16.76,16.98,16.67,719744.0,12044919.29
2017-10-26,16.88,16.63,16.88,16.5,745720.0,12412013.64
2017-10-27,16.68,16.23,16.68,16.2,1165600.0,19046938.15
2017-10-30,16.23,16.9,17.44,16.23,3078008.0,51987244.82
2017-10-31,16.8,18.04,18.15,16.75,8336470.0,147242986.84
2017-11-01,18.35,18.6,18.69,18.04,10705071.0,196908768.73
2017-11-02,18.59,18.34,18.62,18.12,8305018.0,152717401.23
2017-11-03,18.56,16.92,18.56,16.51,9266279.0,159256119.77
2017-11-06,16.2,16.9,17.47,15.75,3626516.0,59957411.28
2017-11-07,16.9,16.8,17.04,16.66,1588601.0,26797921.63
2017-11-08,16.81,17.16,17.45,16.81,2263380.0,38893818.94
2017-11-09,17.17,17.19,17.32,16.99,1740700.0,29838750.0
2017-11-10,17.45,17.12,17.45,16.95,1344284.0,22990301.1
2017-11-13,17.28,16.72,17.28,16.56,2470825.0,41556863.19
2017-11-14,16.54,16.24,16.75,16.04,2466803.0,40199094.04
2017-11-15,16.0,16.2,16.4,15.98,1989001.0,32141577.79
2017-11-16,16.25,16.01,16.5,16.0,3038507.0,49376338.02
2017-11-17,15.97,15.47,16.16,15.4,1435731.0,22576878.65
2017-11-20,15.49,15.36,15.49,14.4,1048921.0,15823615.4
2017-11-21,15.36,15.06,16.05,14.91,1242810.0,19066183.6
2017-11-22,15.04,14.9,15.26,14.75,1406368.0,21035807.0
2017-11-23,14.89,14.1,14.91,13.85,2557815.0,36537929.7
2017-11-24,14.0,15.51,15.51,13.45,7879710.0,114386668.39
2017-11-27,15.51,15.11,15.99,15.04,4463132.0,68073644.05
2017-11-28,15.0,14.88,15.14,14.64,2095758.0,31094040.32
2017-11-29,15.0,15.4,15.96,15.0,3563929.0,55347341.24
2017-11-30,15.12,15.58,15.65,15.01,2143756.0,32863497.11
2017-12-01,15.58,15.32,15.84,15.27,1796891.0,28049718.69
2017-12-04,15.08,14.71,15.25,14.68,1904998.0,28305666.28
2017-12-05,14.55,14.37,14.83,14.13,1092550.0,15880041.5
2017-12-06,14.13,14.69,14.75,14.11,692687.0,10073696.25
2017-12-07,14.57,14.6,14.9,14.57,468595.0,6912824.05
2017-12-08,14.6,14.64,14.8,14.4,452701.0,6642313.47
2017-12-11,14.8,14.36,14.8,14.22,1538735.0,22080080.96
2017-12-12,14.45,14.18,14.47,14.07,750152.0,10682864.36
2017-12-13,14.32,14.28,14.33,14.14,454910.0,6462010.6
2017-12-14,14.38,14.39,14.47,14.21,752604.0,10820547.55
2017-12-15,14.39,14.25,14.39,14.02,591411.0,8372774.32
2017-12-18,14.38,14.26,14.39,14.06,482505.0,6839357.17
2017-12-19,14.32,14.26,14.42,14.2,279128.0,3992486.28
2017-12-20,14.26,14.12,14.31,14.11,254800.0,3608246.0
2017-12-21,14.11,13.94,14.17,13.81,480392.0,6698237.83
2017-12-22,13.99,15.01,15.3,13.89,1865903.0,27286638.95
2017-12-25,14.83,14.4,15.0,14.35,1074900.0,15707556.0
2017-12-26,14.26,14.57,14.89,14.26,716311.0,10462576.16
2017-12-27,14.69,14.54,14.8,14.46,725000.0,10592818.0
2017-12-28,14.39,14.9,15.13,14.39,1803780.0,26718691.82
2017-12-29,14.71,15.35,15.5,14.71,1687738.0,25738773.34
2018-01-02,15.35,15.2,15.48,15.07,1739717.0,26339863.71
2018-01-03,15.19,15.16,15.25,15.02,1183502.0,17903875.36
2018-01-04,15.18,15.2,15.57,15.1,1188953.0,18195551.46
2018-01-05,15.05,15.23,15.33,15.05,1130353.0,17212516.77
2018-01-08,15.16,15.06,15.29,14.95,920069.0,13866460.25
2018-01-09,15.2,15.16,15.28,14.8,565667.0,8544882.01
2018-01-10,15.11,15.08,15.27,15.02,801554.0,12122481.04
2018-01-11,15.18,14.97,15.18,14.92,388221.0,5824190.54
2018-01-12,15.09,14.98,15.09,14.9,348001.0,5210205.95
2018-01-15,15.08,14.61,15.08,14.61,633800.0,9378736.0
2018-01-16,14.51,14.63,14.72,14.4,325300.0,4749205.0
2018-01-17,14.61,14.46,14.75,14.31,430594.0,6224377.08
2018-01-18,14.46,14.47,14.59,14.4,590479.0,8553235.1
2018-01-19,14.47,14.46,14.57,14.33,267010.0,3849709.0
2018-01-22,14.15,14.28,14.46,14.15,356702.0,5067475.42
2018-01-23,14.28,14.51,14.71,14.24,1118051.0,16041419.87
2018-01-24,14.5,14.32,14.51,14.25,522867.0,7490517.75
2018-01-25,14.29,14.37,14.53,14.29,369709.0,5327290.35
2018-01-26,14.39,14.49,14.54,14.08,574500.0,8169320.62
2018-01-29,14.36,14.6,14.67,14.21,1314057.0,18898733.49
2018-01-30,14.55,15.1,15.2,14.42,1660626.0,24692743.77
2018-01-31,15.04,15.3,15.38,14.9,2125000.0,32392562.4
2018-02-01,15.15,14.92,15.31,14.5,930600.0,13914705.0
2018-02-02,14.72,15.3,15.3,13.43,3100082.0,43483615.64
2018-02-05,15.05,15.0,15.23,14.9,537730.0,8073899.0
2018-02-06,15.0,14.6,15.0,13.88,1438529.0,20582150.06
2018-02-07,13.66,14.4,14.48,13.66,1513710.0,21241414.06
2018-02-08,14.14,14.2,14.2,13.58,1958140.0,26945364.0
2018-02-09,13.75,13.99,14.01,13.01,4618912.0,62157476.62
2018-02-12,13.68,13.8,13.94,13.67,642360.0,8866406.4
2018-02-13,13.69,13.8,13.89,13.48,600804.0,8241288.64
2018-02-14,13.83,13.88,13.9,13.63,233401.0,3213156.67
2018-02-22,13.89,14.11,14.4,13.89,414220.0,5837800.2
2018-02-23,14.02,13.88,14.13,13.7,425000.0,5908068.0
2018-02-26,13.8,13.82,13.92,13.49,798100.0,10923461.0
2018-02-27,13.83,13.84,13.91,13.58,641223.0,8831320.02
2018-02-28,13.74,13.75,13.85,13.65,431927.0,5956404.8
2018-03-01,13.63,13.72,13.81,13.63,470412.0,6463581.52
2018-03-02,13.58,14.02,14.34,13.56,1681695.0,23469399.84
2018-03-05,14.03,13.87,14.23,13.75,734551.0,10199150.8
2018-03-06,13.87,13.78,13.96,13.69,775001.0,10676059.73
2018-03-07,13.78,14.18,14.66,13.66,1691165.0,23818798.53
2018-03-08,14.05,14.03,14.15,13.92,671781.0,9417380.76
2018-03-09,14.03,14.04,14.1,13.81,920630.0,12823481.39
2018-03-12,14.03,14.2,14.27,14.01,1221527.0,17255456.82
2018-03-13,14.17,14.1,14.24,14.03,687656.0,9701683.58
2018-03-14,14.1,14.25,14.45,14.0,1534865.0,21831536.15
2018-03-15,14.25,14.12,14.25,14.05,618015.0,8738395.26
2018-03-16,14.15,14.41,14.42,14.1,943027.0,13459743.52
2018-03-19,14.41,14.31,14.41,14.17,818201.0,11678705.18
2018-03-20,14.31,14.18,14.34,14.1,427801.0,6050363.1
2018-03-21,14.28,14.13,14.36,14.02,741973.0,10543581.66
2018-03-22,14.29,14.03,14.29,13.71,433100.0,6115885.0
2018-03-23,13.7,14.0,14.05,13.18,1672235.0,22914019.47
2018-03-26,13.5,13.97,13.97,13.5,518212.0,7122372.16
2018-03-27,13.9,13.96,14.18,13.85,547863.0,7669469.19
2018-03-28,13.72,13.81,13.94,13.72,325300.0,4496343.0
2018-03-29,13.78,13.82,13.91,13.75,329160.0,4553356.1
2018-03-30,13.79,13.88,13.88,13.65,429647.0,5919513.74
2018-04-02,13.93,14.12,14.2,13.77,847767.0,11915506.93
2018-04-03,14.12,14.0,14.12,13.85,545551.0,7632646.2
2018-04-04,13.88,14.0,14.0,13.72,571581.0,7929255.83
2018-04-09,13.98,14.18,14.19,13.8,984533.0,13848343.61
2018-04-10,14.18,14.07,14.29,14.04,675401.0,9544343.92
2018-04-11,13.95,13.98,14.1,13.9,626870.0,8777804.74
2018-04-12,14.0,13.97,14.09,13.86,721235.0,10077682.65
2018-04-13,13.98,13.93,14.05,13.85,499571.0,6969227.35
2018-04-16,13.8,13.6,13.94,13.52,1138416.0,15583878.12
2018-04-17,13.58,13.34,13.78,13.2,336100.0,4531096.0
2018-04-18,13.4,13.44,13.6,13.25,523684.0,7008516.72
2018-04-19,13.45,13.97,14.21,13.41,1527401.0,21254397.43
2018-04-20,14.09,13.79,14.18,13.65,623017.0,8655859.43
2018-04-23,13.76,13.53,13.89,13.52,541000.0,7384383.0
2018-04-24,13.78,13.61,13.78,13.53,329031.0,4487096.43
2018-04-25,13.71,13.43,13.71,13.36,560911.0,7542059.61
2018-04-26,13.53,13.16,13.53,13.1,543600.0,7212008.0
2018-04-27,13.16,13.13,13.29,13.02,465000.0,6096660.39
2018-05-02,13.13,12.81,13.25,12.81,474800.0,6149931.0
2018-05-03,12.81,12.77,12.96,12.6,496900.0,6385539.16
2018-05-04,12.77,12.79,12.94,12.73,338201.0,4327807.52
2018-05-07,12.88,12.71,12.88,12.6,549900.0,6981260.98
2018-05-08,12.64,13.24,13.98,12.07,3866751.0,49283300.17
2018-05-09,12.84,12.64,12.99,12.5,1013802.0,12897637.44
2018-05-10,12.68,12.58,12.7,12.45,656857.0,8242234.68
2018-05-11,12.62,12.3,12.67,12.21,754338.0,9272732.44
2018-05-14,12.4,11.07,12.4,11.07,3613031.0,41437722.4
2018-05-15,10.84,10.43,10.84,9.96,3781832.0,38821087.18
2018-05-16,10.18,10.2,10.33,10.12,1944650.0,19864255.71
2018-05-17,10.19,10.16,10.32,10.12,1119213.0,11459399.3
2018-05-18,10.2,10.29,10.33,10.06,857931.0,8758953.75
2018-05-21,10.33,10.39,10.46,10.25,1394501.0,14496792.75
2018-05-22,10.4,10.3,10.4,10.23,801027.0,8246517.02
2018-05-23,10.21,9.99,10.28,9.75,1909251.0,19041717.69
2018-05-24,9.95,9.82,9.95,9.78,981702.0,9659710.71
2018-05-25,9.82,8.95,9.86,8.93,3283001.0,30341064.93
2018-05-28,9.15,9.25,9.3,8.95,2369601.0,21664236.11
2018-05-29,9.34,9.58,9.85,9.3,2647454.0,25266089.68
2018-05-30,9.39,8.62,9.55,8.62,2901200.0,25919245.35
2018-05-31,8.73,8.7,9.08,8.64,1798101.0,15901131.88
2018-06-01,8.81,8.99,9.25,8.72,2397251.0,21532199.94
2018-06-04,9.04,8.93,9.26,8.82,1277201.0,11586444.0
2018-06-05,9.02,9.06,9.1,8.93,1405400.0,12686581.0
2018-06-06,9.09,9.53,9.86,9.09,3335008.0,31165726.35
2018-06-07,9.43,9.29,9.48,9.22,1733902.0,16201011.56
2018-06-08,9.2,9.28,9.31,9.2,901800.0,8353368.0
2018-06-11,9.22,9.6,9.66,9.22,2895918.0,27331660.4
2018-06-12,9.57,9.97,10.2,9.45,3602230.0,35721171.48
2018-06-13,9.9,10.3,10.5,9.76,3470897.0,35519942.92
2018-06-14,10.3,9.86,10.38,9.8,3040755.0,30443977.6
2018-06-15,9.92,9.53,10.08,9.1,3413530.0,32872074.7
2018-06-19,9.24,8.69,9.24,8.66,2831357.0,25035279.37
2018-06-20,8.3,8.7,8.79,8.3,1039416.0,8894469.86
2018-06-21,8.62,8.48,8.96,8.31,803500.0,7055313.0
2018-06-22,8.48,8.69,8.73,8.45,688577.0,5922914.65
2018-06-25,8.77,8.31,8.78,8.2,1753300.0,14904110.91
2018-06-26,8.01,8.31,8.31,7.51,1260710.0,10081127.0
2018-06-27,8.17,8.32,8.47,8.13,934500.0,7804687.0
2018-06-28,8.37,8.61,8.8,8.3,1147300.0,9843161.98
2018-06-29,8.6,9.47,9.47,8.6,2559802.0,23420508.93
2018-07-02,9.51,9.79,10.05,9.34,3026569.0,29374981.64
2018-07-03,9.7,9.74,9.8,9.36,1800531.0,17374270.37
2018-07-04,9.67,9.58,10.28,9.38,1922682.0,18949923.92
2018-07-05,9.47,9.01,9.74,9.0,1323429.0,12271817.47
2018-07-06,9.19,9.57,9.85,8.63,2031133.0,18705156.29
2018-07-09,9.5,9.62,9.76,9.45,1270002.0,12184072.08
2018-07-10,9.55,9.53,9.78,9.42,1314717.0,12564705.9
2018-07-11,9.48,9.22,9.48,9.1,874800.0,8066725.98
2018-07-12,9.06,9.32,9.39,9.06,1032101.0,9620797.3
2018-07-13,9.51,9.39,9.51,9.26,660000.0,6167273.0
2018-07-16,9.42,9.2,9.47,9.19,491900.0,4552004.0
2018-07-17,9.16,9.14,9.2,9.05,430209.0,3923182.44
2018-07-18,9.2,9.7,10.05,9.11,2489228.0,24108885.17
2018-07-19,9.81,10.67,10.67,9.81,4590177.0,48671291.59
2018-07-20,11.11,10.58,11.46,10.38,13582665.0,148171380.06
2018-07-23,10.03,10.09,10.32,9.89,6416702.0,64674766.08
2018-07-24,9.95,10.05,10.1,9.8,4325902.0,43071708.71
2018-07-25,9.94,9.94,10.18,9.88,3294909.0,32987041.39
2018-07-26,9.91,9.85,9.98,9.7,2803301.0,27471052.86
2018-07-27,9.8,9.48,9.8,9.46,2326800.0,22345532.0
2018-07-30,9.55,8.96,9.55,8.85,2934409.0,26915018.25
2018-07-31,8.85,8.9,8.96,8.7,1177108.0,10445359.56
2018-08-01,9.1,9.79,9.79,9.08,8240549.0,80430168.71
2018-08-02,9.77,9.33,10.08,9.14,9980432.0,96705089.79
2018-08-03,8.97,8.6,9.18,8.6,6078067.0,54138017.66
2018-08-06,8.59,7.74,8.59,7.74,6426712.0,51325563.89
2018-08-07,7.7,7.86,7.97,7.52,2864512.0,22332127.56
2018-08-08,7.77,7.81,8.05,7.74,2170997.0,17057991.72
2018-08-09,7.74,7.9,7.98,7.61,2151214.0,17002575.3
2018-08-10,7.83,8.03,8.16,7.83,2085464.0,16742097.92
2018-08-13,8.05,8.1,8.1,7.8,2135866.0,16985992.0
2018-08-14,8.02,8.06,8.11,7.94,1469002.0,11786751.06
2018-08-15,8.08,7.83,8.09,7.8,1212164.0,9615290.4
2018-08-16,7.75,7.73,7.83,7.57,1099564.0,8486822.52
2018-08-17,7.8,7.56,7.91,7.54,1184500.0,9136268.0
2018-08-20,7.56,7.46,7.59,7.19,1240300.0,9212585.0
2018-08-21,7.42,7.49,7.57,7.42,882700.0,6621751.0
2018-08-22,7.46,7.41,7.53,7.35,494700.0,3685410.0
2018-08-23,7.4,7.38,7.48,7.22,830700.0,6139076.0
2018-08-24,7.38,7.5,7.55,7.3,1003200.0,7472243.0
2018-08-27,7.61,7.8,7.85,7.46,1799800.0,13668143.0
2018-08-28,7.78,7.64,7.78,7.55,1409300.0,10762208.0
2018-08-29,7.6,7.48,7.6,7.42,855700.0,6414851.0
2018-08-30,7.4,7.28,7.46,7.28,976600.0,7186695.5
2018-08-31,7.29,7.25,7.51,7.05,1164849.0,8419888.89
2018-09-03,7.1,7.09,7.2,6.85,605900.0,4287449.0
2018-09-04,7.2,7.8,7.8,7.1,3118523.0,24083963.66
2018-09-05,7.9,7.63,8.05,7.6,4552441.0,35589959.4
2018-09-06,7.43,7.48,7.8,7.43,2436102.0,18522756.96
2018-09-07,7.66,7.38,7.69,7.35,1505600.0,11360352.99
2018-09-10,7.35,7.33,7.51,7.31,1380601.0,10216250.4
2018-09-11,7.36,7.4,7.41,7.15,985407.0,7219242.61
2018-09-12,7.34,7.34,7.44,7.3,1025471.0,7563357.07
2018-09-13,7.39,7.51,7.58,7.35,1143364.0,8489929.6
2018-09-14,7.49,7.71,8.05,7.36,2153764.0,16458160.28
2018-09-17,7.62,7.31,7.71,7.21,1352700.0,10077989.0
2018-09-18,7.16,7.4,7.49,7.16,805300.0,5921758.0
2018-09-19,7.38,7.45,7.53,7.32,1087700.0,8075584.0
2018-09-20,7.4,7.34,7.47,7.31,795692.0,5893009.48
2018-09-21,7.34,7.43,7.5,7.33,936600.0,6962831.08
2018-09-25,7.44,7.39,7.57,7.37,997907.0,7422051.41
2018-09-26,7.39,7.41,7.45,7.36,720002.0,5335846.8
2018-09-27,7.42,7.1,7.43,7.01,1236800.0,8949877.0
2018-09-28,7.06,7.1,7.19,7.0,1270900.0,8986129.0
2018-10-08,7.09,6.8,7.09,6.71,1060500.0,7290687.0
2018-10-09,6.79,7.48,7.48,6.79,2577508.0,19109218.84
2018-10-10,7.69,7.65,7.89,7.5,5757209.0,44334307.81
2018-10-11,7.43,7.75,8.22,6.9,6029500.0,45240215.08
2018-10-12,7.42,7.84,8.16,7.3,5604501.0,44005930.1
2018-10-15,7.85,7.9,8.01,7.72,2260809.0,17749636.28
2018-10-16,7.7,7.75,7.88,7.53,2249108.0,17368934.76
2018-10-17,8.06,7.84,8.23,7.68,1921609.0,15157299.68
2018-10-18,7.63,7.2,7.8,7.06,2125800.0,15820074.76
2018-10-19,7.2,7.45,7.45,6.9,1513088.0,11027342.08
2018-10-22,7.9,7.85,7.99,7.51,3557781.0,27504512.19
2018-10-23,7.73,7.8,7.88,7.62,1998380.0,15494686.8
2018-10-24,7.74,8.58,8.58,7.73,6283244.0,52481253.67
2018-10-25,8.35,8.82,9.07,8.06,6611798.0,56057673.27
2018-10-26,8.63,8.32,8.8,8.31,3877168.0,33162399.14
2018-10-29,8.27,8.22,8.39,8.13,1866167.0,15358382.41
2018-10-30,8.28,8.45,8.45,8.04,2372583.0,19650981.54
2018-10-31,8.45,8.34,8.63,8.24,1810701.0,15127312.33
2018-11-01,8.38,8.35,8.43,8.25,1603900.0,13353495.0
2018-11-02,8.5,8.43,8.54,8.26,2299323.0,19249713.11
2018-11-05,8.42,8.91,8.91,8.31,3887158.0,33710562.49
2018-11-06,8.75,8.8,8.99,8.7,2660994.0,23408121.68
2018-11-07,8.75,8.79,8.98,8.68,1810435.0,15963528.81
2018-11-08,8.73,8.79,9.05,8.73,2316991.0,20581282.86
2018-11-09,8.73,8.45,8.8,8.35,1781000.0,15285385.0
2018-11-12,8.45,8.71,8.8,8.33,1511563.0,13009580.55
2018-11-13,8.6,8.91,8.97,8.5,2235008.0,19701856.85
2018-11-14,8.84,8.83,8.97,8.66,1645505.0,14462627.54
2018-11-15,8.74,8.78,8.87,8.66,1166504.0,10202980.0
2018-11-16,8.73,8.82,8.87,8.67,1636821.0,14371550.2
2018-11-19,8.78,8.55,8.8,8.47,1492808.0,12825107.56
2018-11-20,8.44,8.0,8.44,7.89,3927500.0,31897454.57
2018-11-21,7.89,8.8,8.8,7.88,4128114.0,34779399.78
2018-11-22,8.96,8.8,9.08,8.7,4978212.0,44249722.66
2018-11-23,8.82,8.3,8.85,8.3,3074738.0,26018184.36
2018-11-26,8.3,8.21,8.37,8.07,1788808.0,14642220.88
2018-11-27,8.38,8.18,8.38,8.06,1123508.0,9159879.95
2018-11-28,8.1,8.24,8.28,7.95,1493101.0,12161322.55
2018-11-29,8.28,7.91,8.28,7.9,1724201.0,13908255.8
2018-11-30,7.88,7.89,7.93,7.69,1413510.0,11053684.5
2018-12-03,7.92,8.28,8.66,7.92,2882512.0,23834106.44
2018-12-04,8.16,8.23,8.37,8.12,1819001.0,14972737.22
2018-12-05,8.11,8.13,8.37,7.82,1826993.0,14718385.26
2018-12-06,8.03,7.93,8.07,7.91,1277200.0,10203326.0
2018-12-07,7.93,8.03,8.16,7.93,932000.0,7490244.0
2018-12-10,8.0,7.93,8.19,7.9,984500.0,7921752.0
2018-12-11,7.91,8.16,8.28,7.91,1521901.0,12382181.16
2018-12-12,8.18,8.06,8.28,7.97,1340508.0,10850681.56
2018-12-13,8.13,8.1,8.17,8.01,697764.0,5654040.45
2018-12-14,8.11,7.93,8.12,7.88,968896.0,7726444.78
2018-12-17,7.83,7.83,7.95,7.81,932900.0,7327474.0
2018-12-18,7.77,7.81,7.89,7.76,1002168.0,7843711.44
2018-12-19,7.89,7.85,7.99,7.82,752700.0,5932039.0
2018-12-20,7.83,7.8,7.94,7.71,1204800.0,9453029.0
2018-12-21,7.8,7.91,7.91,7.7,974100.0,7594761.87
2018-12-24,7.9,8.7,8.7,7.88,5917547.0,50551033.44
2018-12-25,8.51,9.57,9.57,8.51,11422002.0,106662991.74
2018-12-26,9.9,9.56,10.17,9.1,13164130.0,125711495.3
2018-12-27,9.32,9.55,9.92,9.26,10292957.0,98837990.48
2018-12-28,9.43,9.17,9.51,9.06,4354558.0,40194823.87
2019-01-02,9.27,9.15,9.33,9.05,3038529.0,27850766.61
2019-01-03,9.2,8.86,9.22,8.83,3160374.0,28326735.72
2019-01-04,8.9,8.96,9.02,8.59,2473474.0,21968799.28
2019-01-07,9.05,9.12,9.26,8.87,3588948.0,32583702.55
2019-01-08,9.15,9.17,9.2,8.77,2585982.0,23353552.66
2019-01-09,9.1,9.01,9.23,8.91,2449000.0,22234297.36
2019-01-10,8.99,9.12,9.16,8.89,2832069.0,25687197.6
2019-01-11,9.2,9.09,9.21,8.97,1482821.0,13462121.99
2019-01-14,9.1,9.14,9.2,9.04,1518828.0,13815649.46
2019-01-15,8.99,9.08,9.12,8.95,1763118.0,15963924.12
2019-01-16,9.08,9.06,9.16,9.01,1003022.0,9101467.44
2019-01-17,9.11,8.84,9.14,8.76,1540800.0,13783727.0
2019-01-18,8.87,8.67,8.9,8.55,1489801.0,12937045.7
2019-01-21,8.74,9.02,9.5,8.71,1865100.0,16958186.92
2019-01-22,9.0,8.75,9.0,8.7,1206036.0,10616231.66
2019-01-23,8.77,8.82,8.9,8.62,924871.0,8103975.07
2019-01-24,8.74,9.0,9.14,8.74,1742035.0,15701701.1
2019-01-25,9.04,9.06,9.19,9.0,1443700.0,13146533.0
2019-01-28,9.15,9.29,9.45,9.05,2026070.0,18777177.92
2019-01-29,9.29,9.22,9.38,8.63,1460203.0,13341069.98
2019-01-30,8.89,8.94,9.15,8.89,988600.0,8917908.0
2019-01-31,8.88,8.9,9.14,8.88,645335.0,5823756.05
2019-02-01,8.74,8.97,9.05,8.74,574801.0,5161871.99
2019-02-11,8.9,9.21,9.29,8.9,845489.0,7760701.65
2019-02-12,9.17,9.5,9.5,9.1,1437300.0,13374042.87
2019-02-13,9.51,10.45,10.45,9.37,3006639.0,30639652.55
2019-02-14,10.45,10.3,10.98,10.21,4963456.0,51977678.3
2019-02-15,10.3,9.92,10.31,9.92,2934364.0,29518088.2
2019-02-18,10.0,10.17,10.23,9.83,3578214.0,36068957.31
2019-02-19,10.1,10.16,10.25,9.93,2429266.0,24441731.9
2019-02-20,10.15,10.06,10.16,9.95,1431770.0,14370104.5
2019-02-21,10.01,10.25,10.33,10.01,3493971.0,35625647.42
2019-02-22,10.11,10.35,10.4,10.05,2491264.0,25571249.16
2019-02-25,10.34,10.73,11.33,10.28,5157820.0,54707613.85
2019-02-26,10.68,10.59,10.84,10.32,3546807.0,37300757.33
2019-02-27,10.35,10.51,10.79,10.35,2376607.0,24936754.13
2019-02-28,10.42,10.41,10.58,10.32,1301008.0,13603551.13
2019-03-01,10.41,10.44,10.58,10.35,973501.0,10145218.24
2019-03-04,10.47,10.71,11.06,10.4,3851526.0,41453955.94
2019-03-05,10.67,10.6,10.7,10.56,2780939.0,29497741.19
2019-03-06,10.63,10.63,10.9,10.44,2912255.0,30800312.06
2019-03-07,10.6,11.1,11.19,10.49,4971826.0,53535695.85
2019-03-08,10.85,10.82,12.2,10.6,6539773.0,73475838.63
2019-03-11,10.68,11.25,11.32,10.67,4322054.0,47550946.03
2019-03-12,11.34,12.05,12.16,11.26,7056013.0,83799802.43
2019-03-13,11.98,12.3,12.55,11.85,5809592.0,70939020.31
2019-03-14,12.42,13.02,13.5,11.99,7762180.0,98070637.77
2019-03-15,13.0,14.01,14.19,12.71,5407863.0,73981503.62
2019-03-18,13.6,14.0,14.59,13.6,4053820.0,56903174.77
2019-03-19,14.1,13.65,14.19,13.18,3894929.0,52918077.87
2019-03-20,13.62,14.23,14.5,13.5,4414603.0,62297559.55
2019-03-21,14.22,14.19,14.3,13.8,3273223.0,45949155.16
2019-03-22,14.09,13.9,14.12,13.8,1901765.0,26541061.4
2019-03-25,14.09,14.08,14.47,13.8,3360795.0,47399785.42
2019-03-26,14.26,13.58,14.26,13.28,3875982.0,53397186.44
2019-03-27,13.68,13.61,13.9,13.31,2956870.0,40407475.55
2019-03-28,13.73,13.84,14.2,13.66,4256910.0,59572045.31
2019-03-29,13.97,13.77,13.97,13.53,3259392.0,45004037.69
2019-04-01,14.08,14.0,14.34,13.7,3786493.0,53430501.31
2019-04-02,14.28,13.97,14.35,13.95,3241951.0,45834780.1
2019-04-03,14.0,13.88,14.16,13.77,3763971.0,52339195.3
2019-04-04,13.88,13.87,14.08,13.6,2607560.0,36059502.92
2019-04-08,13.96,14.16,14.97,13.9,6023335.0,85916304.25
2019-04-09,14.17,13.92,14.26,13.72,3399091.0,47402146.25
2019-04-10,14.1,14.2,14.43,13.77,2448970.0,34575549.71
2019-04-11,14.28,14.1,14.38,13.93,1752250.0,24664007.5
2019-04-12,13.93,13.65,14.08,13.3,2240670.0,30616703.72
2019-04-15,13.7,13.71,14.68,13.7,2828150.0,39617810.01
2019-04-16,13.71,13.85,13.94,13.36,2672027.0,36480741.06
2019-04-17,14.13,13.66,14.13,13.61,1996400.0,27471236.6
2019-04-18,13.6,13.62,13.79,13.4,2037706.0,27815680.0
2019-04-19,13.7,13.15,13.7,13.01,3062400.0,40530972.0
2019-04-22,13.15,13.12,13.46,13.01,2544078.0,33681408.2
2019-04-23,13.4,12.88,13.4,12.85,3221769.0,41927580.71
2019-04-24,12.68,12.8,13.11,12.6,2943443.0,37527571.42
2019-04-25,13.05,12.38,13.05,12.23,3900279.0,49046773.19
2019-04-26,12.5,12.34,12.5,12.05,2131996.0,26200043.22
2019-04-29,12.37,11.77,12.43,11.51,2881767.0,34156091.91
2019-04-30,11.56,12.44,12.69,11.56,2289520.0,28326908.43
2019-05-06,12.44,11.35,12.44,11.2,2639331.0,30467357.13
2019-05-07,11.49,11.44,11.65,11.32,1375651.0,15776711.16
2019-05-08,11.22,11.49,11.7,10.9,1714165.0,19688039.15
2019-05-09,11.38,12.14,12.64,11.38,3432515.0,41887688.45
2019-05-10,12.12,12.35,13.3,12.12,6813917.0,85100877.04
2019-05-13,12.35,12.35,12.35,12.35,0.0,0.0
2019-05-14,12.35,12.35,12.35,12.35,0.0,0.0
2019-05-15,12.35,12.35,12.35,12.35,0.0,0.0
2019-05-16,12.35,12.35,12.35,12.35,0.0,0.0
2019-05-17,12.35,12.35,12.35,12.35,0.0,0.0
2019-05-20,12.35,12.35,12.35,12.35,0.0,0.0
2019-05-21,12.35,12.35,12.35,12.35,0.0,0.0
2019-05-22,12.35,12.35,12.35,12.35,0.0,0.0
2019-05-23,12.35,12.35,12.35,12.35,0.0,0.0
2019-05-24,12.35,12.35,12.35,12.35,0.0,0.0
2019-05-27,13.59,13.59,13.59,13.59,78201.0,1062751.59
2019-05-28,14.95,14.95,14.95,14.95,59712.0,892694.4
2019-05-29,16.45,16.45,16.45,16.45,94000.0,1546300.0
2019-05-30,18.1,18.1,18.1,18.1,104600.0,1893260.0
2019-05-31,19.91,16.6,19.91,16.32,55527123.0,1019408788.67
2019-06-03,15.94,16.88,17.93,15.94,35292589.0,596295841.91
2019-06-04,15.3,15.19,15.79,15.19,6608701.0,101477220.53
2019-06-05,13.67,13.67,13.67,13.67,1189500.0,16260465.0
2019-06-06,12.3,12.3,12.3,12.3,934000.0,11488200.0
2019-06-10,12.0,11.4,13.1,11.07,31500257.0,373691332.9
2019-06-11,11.09,11.79,11.98,10.54,28208192.0,316420416.6
2019-06-12,11.56,11.34,11.8,11.22,18896874.0,217564823.89
2019-06-13,11.39,11.4,11.78,11.3,14140036.0,162792168.75
2019-06-14,11.21,10.82,11.5,10.64,13540796.0,148938182.02
2019-06-17,10.76,11.4,11.64,10.55,14608755.0,163354315.58
2019-06-18,11.4,12.54,12.54,11.26,21526673.0,259965351.07
2019-06-19,12.2,13.79,13.79,12.2,25107469.0,330543196.63
2019-06-20,13.5,15.17,15.17,13.42,24689591.0,359732022.09
2019-06-21,15.99,14.9,16.69,14.81,36110953.0,579918194.86
2019-06-24,15.09,14.01,15.6,13.45,31091998.0,450404887.43
2019-06-25,14.95,15.41,15.41,14.68,28371165.0,431338886.78
2019-06-26,14.5,15.74,16.95,14.21,32540267.0,520566949.41
2019-06-27,15.74,15.31,16.6,15.01,27340024.0,429820785.79
2019-06-28,15.49,14.61,15.49,14.24,18956709.0,279756551.62
2019-07-01,15.03,14.88,15.55,14.77,18340648.0,277532527.44
2019-07-02,14.99,14.48,15.07,14.17,15616062.0,226527430.14
2019-07-03,14.52,14.0,14.62,13.87,10717143.0,151720181.16
2019-07-04,14.21,14.02,14.6,13.76,12746077.0,180054032.07
2019-07-05,13.7,13.99,14.4,13.63,9730702.0,137246754.95
2019-07-08,13.7,12.6,13.7,12.59,15661757.0,201965179.08
2019-07-09,12.88,13.08,13.15,12.35,11439601.0,146681218.0
2019-07-10,13.04,12.71,13.29,12.56,8818733.0,113722866.66
2019-07-11,12.83,12.53,12.9,12.24,8215701.0,103470621.51
2019-07-12,12.59,12.48,12.66,12.36,5950400.0,74431387.0
2019-07-15,12.48,12.49,12.63,12.07,6053886.0,75098405.69
2019-07-16,12.5,12.23,12.52,12.14,5714049.0,70141870.76
2019-07-17,12.15,12.24,12.49,12.13,6905367.0,84961066.2
2019-07-18,12.0,11.57,12.06,11.53,9853207.0,115122487.88
2019-07-19,11.7,12.73,12.73,11.6,8709252.0,108054982.96
2019-07-22,12.73,13.67,13.99,12.71,27008708.0,363807305.72
2019-07-23,13.21,13.4,13.63,13.03,15790243.0,210087808.0
2019-07-24,13.33,14.19,14.74,13.07,19387749.0,265861806.89
2019-07-25,13.8,13.79,14.12,13.57,14592519.0,202150125.49
2019-07-26,13.55,13.28,13.58,13.15,10777338.0,143850598.17
2019-07-29,13.05,13.5,13.65,12.89,10767402.0,142705765.1
2019-07-30,13.33,13.81,14.23,13.3,13895262.0,191843277.07
2019-07-31,13.62,13.5,13.84,13.43,8469465.0,115094238.88
2019-08-01,13.23,13.96,14.18,13.12,13977387.0,194385150.73
2019-08-02,13.59,13.46,13.74,13.3,9610655.0,129461106.55
2019-08-05,13.33,12.96,13.53,12.87,8073468.0,106163276.48
2019-08-06,12.45,12.24,12.5,11.77,10214399.0,124213501.06
2019-08-07,12.28,12.6,13.13,12.15,10544116.0,133883401.2
2019-08-08,12.78,12.65,13.03,12.5,6933448.0,88219451.73
2019-08-09,12.75,12.38,12.9,12.31,5821200.0,73425607.0
2019-08-12,12.5,13.04,13.05,12.5,8111878.0,104124948.66
2019-08-13,12.78,12.63,12.88,12.44,7990833.0,100879733.44
2019-08-14,12.88,12.48,12.88,12.35,6108002.0,76802201.76
2019-08-15,11.75,12.51,12.6,11.75,6264016.0,76817605.69
2019-08-16,12.57,12.4,12.63,12.31,4888701.0,60870361.45
2019-08-19,12.4,12.64,12.75,12.37,6294127.0,79310562.07
2019-08-20,12.66,13.9,13.9,12.66,12348993.0,167517681.44
2019-08-21,14.0,14.07,14.48,13.61,19578199.0,276514623.43
2019-08-22,14.25,13.87,14.4,13.63,10647455.0,147627140.59
2019-08-23,13.82,14.01,14.34,13.67,10673403.0,149207555.53
2019-08-26,13.44,13.65,13.9,13.35,7439300.0,101052281.0
2019-08-27,13.74,13.83,14.18,13.54,7988400.0,110415923.0
2019-08-28,13.79,13.48,13.8,13.46,5677502.0,77105599.08
2019-08-29,13.6,13.31,13.6,13.27,5518032.0,74020669.28
2019-08-30,13.41,13.55,14.36,13.39,10062005.0,138615440.74
2019-09-02,13.35,13.83,14.1,13.27,8744022.0,118953011.58
2019-09-03,13.83,13.87,14.2,13.7,7884553.0,109787409.51
2019-09-04,13.62,13.76,13.95,13.51,6254000.0,85709862.0
2019-09-05,13.86,14.38,14.98,13.69,17211096.0,246203788.64
2019-09-06,14.41,14.27,14.67,14.11,9886004.0,141850554.28
2019-09-09,14.3,14.77,15.0,14.13,13524573.0,196192653.4
2019-09-10,14.55,15.11,15.11,14.4,12944895.0,190366297.52
2019-09-11,14.98,15.56,15.56,14.91,14407535.0,221010194.76
2019-09-12,15.57,15.87,16.58,15.28,16247969.0,260516946.19
2019-09-16,15.7,15.74,16.09,15.51,9699044.0,152362295.29
2019-09-17,15.56,14.8,15.6,14.62,10367306.0,155888530.46
2019-09-18,14.98,15.82,16.28,14.73,14434785.0,227783676.72
2019-09-19,15.77,15.51,15.9,15.0,10830910.0,168283135.06
2019-09-20,15.56,15.07,16.08,14.95,12100619.0,185640413.37
2019-09-23,15.0,14.61,15.02,14.05,8505303.0,123920574.17
2019-09-24,14.75,14.36,14.77,14.3,7363506.0,106406109.58
2019-09-25,14.25,13.88,14.29,13.83,6312449.0,88522453.18
2019-09-26,13.88,13.01,13.96,12.95,9086000.0,120940639.07
2019-09-27,12.93,13.01,13.39,12.91,6350234.0,83544551.58
2019-09-30,12.99,13.51,14.09,12.97,8222639.0,110215477.65
2019-10-08,13.26,13.19,13.49,13.04,5432900.0,71745795.0
2019-10-09,12.7,13.38,13.54,12.7,5184039.0,68369844.91
2019-10-10,13.38,13.64,13.78,13.23,5739702.0,77718052.65
2019-10-11,13.73,13.72,13.99,13.5,6410501.0,88327440.78
2019-10-14,13.8,13.68,13.98,13.56,6159883.0,84778451.8
2019-10-15,13.66,13.9,13.97,13.16,7981884.0,108117467.8
2019-10-16,13.69,13.75,13.96,13.63,4805697.0,66138978.2
2019-10-17,13.65,13.63,13.85,13.61,2761180.0,37877165.6
2019-10-18,13.52,13.18,13.65,13.15,3748801.0,50221819.29
2019-10-21,13.5,13.27,13.79,13.21,4411467.0,59415048.46
2019-10-22,13.03,13.38,13.53,13.0,3373668.0,44907488.77
2019-10-23,13.37,13.27,13.55,13.21,3705376.0,49627339.7
2019-10-24,13.34,13.31,13.45,13.14,2885400.0,38354859.0
2019-10-25,13.39,13.46,13.55,13.28,3820900.0,51303767.0
2019-10-28,13.38,13.67,13.77,13.27,5955323.0,81013403.18
2019-10-29,13.72,13.31,13.76,13.26,4915539.0,66423270.69
2019-10-30,13.2,13.04,13.33,12.9,4116025.0,53861901.87
2019-10-31,13.04,12.91,13.15,12.9,3369100.0,43853033.0
2019-11-01,12.9,13.05,13.12,12.62,3055601.0,39445046.86
2019-11-04,13.1,12.7,13.1,12.7,4282796.0,55155914.1
2019-11-05,12.69,12.47,12.85,12.42,4726158.0,59749515.33
2019-11-06,12.44,11.85,12.56,11.55,10722646.0,127868273.29
2019-11-07,11.92,11.95,12.45,11.7,10647083.0,127894902.26
2019-11-08,11.97,11.91,12.18,11.85,6339868.0,76214075.93
2019-11-11,11.8,11.42,11.95,11.3,5704299.0,65920549.28
2019-11-12,11.5,11.62,11.98,11.13,8524582.0,99222286.96
2019-11-13,11.11,11.17,11.37,10.8,9641727.0,107052560.1
2019-11-14,11.2,11.25,11.42,10.99,7399524.0,83142905.27
2019-11-15,11.34,12.38,12.38,11.34,12788562.0,151939038.21
2019-11-18,12.34,12.11,12.78,11.95,17105925.0,210534393.64
2019-11-19,12.09,12.66,13.05,11.83,18773077.0,234010223.0
2019-11-20,12.54,12.29,12.72,12.23,12168765.0,150910007.92
2019-11-21,12.05,12.09,12.21,11.97,7795851.0,94191242.49
2019-11-22,12.09,12.81,13.1,11.76,16481859.0,205710562.12
2019-11-25,11.53,11.53,11.53,11.53,1422100.0,16396813.0
2019-11-26,10.38,10.38,10.38,10.38,385300.0,3999414.0
2019-11-27,9.34,9.34,9.88,9.34,27991252.0,264711637.99
2019-11-28,9.2,9.28,9.47,9.01,15399678.0,142684092.5
2019-11-29,9.22,8.99,9.22,8.71,15655096.0,140568324.22
2019-12-02,9.0,8.76,9.05,8.7,14097107.0,124811084.38
2019-12-03,8.7,8.9,8.96,8.57,12347956.0,108816004.97
2019-12-04,8.87,9.79,9.79,8.8,10841256.0,102649173.99
2019-12-05,10.2,9.78,10.3,9.71,32392233.0,323669723.11
2019-12-06,9.58,9.59,9.95,9.51,18260525.0,176428456.52
2019-12-09,9.63,9.53,9.7,9.45,12249900.0,116969344.0
2019-12-10,9.49,9.49,9.5,9.28,12109225.0,113720878.35
2019-12-11,9.54,9.59,9.8,9.45,15016010.0,144160535.36
2019-12-12,9.47,9.72,9.8,9.42,16429201.0,158854213.15
2019-12-13,9.66,9.58,9.76,9.48,11747631.0,112510104.08
2019-12-16,9.6,9.7,9.7,9.46,12940233.0,124479771.25
2019-12-17,9.53,9.63,9.68,9.2,24485805.0,231655215.25
2019-12-18,9.6,9.84,10.39,9.56,27490131.0,273144358.03
2019-12-19,9.85,9.81,9.98,9.67,15638076.0,153121131.59
2019-12-20,9.81,9.45,9.86,9.43,13573517.0,131263967.33
2019-12-23,9.41,9.02,9.43,8.99,11077867.0,101751329.1
2019-12-24,9.02,9.24,9.28,9.02,8164452.0,74882291.3
2019-12-25,9.34,9.52,9.63,9.26,13637005.0,129468898.38
2019-12-26,9.56,9.7,9.86,9.36,16287888.0,156940570.39
2019-12-27,9.75,9.62,9.84,9.52,14133001.0,136980916.46
2019-12-30,9.44,9.42,9.47,9.12,9506567.0,88709143.47
2019-12-31,9.42,9.25,9.48,9.21,8296921.0,77173812.35
2020-01-02,9.32,9.69,9.73,9.23,14362912.0,136765321.83
2020-01-03,9.76,9.67,9.82,9.57,11022209.0,106674519.19
2020-01-06,9.58,9.87,9.87,9.48,14455397.0,140930494.07
2020-01-07,9.94,9.88,9.98,9.74,10836903.0,106459956.32
2020-01-08,9.87,9.68,10.12,9.66,15199005.0,150260925.61
2020-01-09,9.77,9.9,10.05,9.74,13029065.0,129084616.95
2020-01-10,10.01,10.09,10.36,9.87,19503367.0,196910273.34
2020-01-13,10.08,10.04,10.1,9.9,10472539.0,104683854.09
2020-01-14,10.04,9.86,10.08,9.83,10389416.0,103043036.94
2020-01-15,9.86,9.78,9.87,9.64,8039703.0,78380963.24
2020-01-16,9.86,9.75,9.97,9.73,8750617.0,86109080.46
2020-01-17,9.77,9.52,9.83,9.5,8606700.0,83134151.0
2020-01-20,9.57,9.9,9.94,9.44,13563400.0,132532364.0
2020-01-21,9.82,9.65,9.91,9.65,10091228.0,98333897.87
2020-01-22,9.64,9.56,9.73,9.13,10023300.0,94692389.0
2020-01-23,9.57,9.22,9.73,9.07,9613718.0,90837072.08
2020-02-03,8.3,8.3,8.3,8.3,531600.0,4412280.0
2020-02-04,7.47,7.56,7.8,7.47,14846016.0,112914475.43
2020-02-05,7.58,8.06,8.06,7.58,12855593.0,101006962.96
2020-02-06,8.06,8.21,8.38,8.0,8655697.0,71097393.53
2020-02-07,8.24,8.38,8.42,8.15,8506303.0,70547618.89
2020-02-10,8.35,8.41,8.65,8.27,9315430.0,78117294.5
2020-02-11,8.43,8.38,8.57,8.32,7729859.0,65121878.69
2020-02-12,8.46,8.65,8.68,8.39,9966249.0,85095184.89
2020-02-13,8.64,8.69,8.81,8.49,10176226.0,88265793.24
2020-02-14,8.68,9.31,9.56,8.56,29029436.0,269820199.92
2020-02-17,9.13,9.65,9.68,9.07,29281702.0,275416105.49
2020-02-18,9.54,10.13,10.5,9.48,29290728.0,288381193.23
2020-02-19,10.03,11.14,11.14,9.86,40442241.0,429546391.41
2020-02-20,10.87,11.2,11.59,10.72,36245759.0,403254750.34
2020-02-21,11.08,10.95,11.38,10.88,26406146.0,293044990.67
2020-02-24,10.76,11.26,11.38,10.5,29018845.0,319012025.12
2020-02-25,10.88,12.39,12.39,10.31,40784533.0,468951028.86
2020-02-26,12.35,11.58,12.85,11.51,36348741.0,444020192.69
2020-02-27,11.45,11.05,11.79,10.72,19623651.0,219457178.91
2020-02-28,10.4,9.95,10.58,9.95,20175423.0,204620892.51
2020-03-02,10.15,10.53,10.73,10.0,15459321.0,159842513.83
2020-03-03,10.75,10.44,10.95,10.29,15522427.0,165340986.43
2020-03-04,10.38,10.52,10.6,10.18,9937578.0,103504043.68
2020-03-05,10.73,10.53,10.78,10.28,11981424.0,125890653.53
2020-03-06,10.38,10.33,10.43,10.25,7869950.0,81485192.7
2020-03-09,10.16,9.58,10.16,9.55,11952767.0,117725938.9
2020-03-10,9.31,10.0,10.05,9.31,13102606.0,128084313.5
2020-03-11,10.14,9.78,10.17,9.78,11279578.0,112506206.42
2020-03-12,9.55,9.52,9.76,9.4,7983657.0,76322362.34
2020-03-13,9.0,9.47,9.58,8.88,8871550.0,81922715.0
2020-03-16,9.57,8.92,9.64,8.9,8325212.0,77331376.92
2020-03-17,9.12,8.91,9.16,8.39,7744400.0,68600234.0
2020-03-18,9.04,8.83,9.26,8.8,7830111.0,70919739.21
2020-03-19,8.75,9.06,9.08,8.7,6266885.0,55887730.3
2020-03-20,9.15,9.05,9.23,8.9,5524900.0,50031374.46
2020-03-23,8.85,8.66,8.98,8.58,4435011.0,39044884.9
2020-03-24,8.86,9.0,9.05,8.77,7487681.0,66727278.65
2020-03-25,9.26,9.08,9.29,9.0,7638302.0,69596143.08
2020-03-26,8.97,8.81,9.05,8.81,5946500.0,52995224.0
2020-03-27,8.96,8.67,8.98,8.66,3924200.0,34557511.0
2020-03-30,8.53,8.24,8.53,8.02,5273564.0,43678609.96
2020-03-31,8.38,8.16,8.46,8.15,3902367.0,32389026.71
2020-04-01,8.14,8.28,8.42,8.05,5527019.0,45832252.51
2020-04-02,8.32,8.58,8.59,8.19,5197868.0,43904152.38
2020-04-03,8.59,8.4,8.67,8.35,4265467.0,36225463.19
2020-04-07,8.61,8.72,8.83,8.56,4914755.0,42740443.39
2020-04-08,8.67,9.04,9.07,8.66,7274387.0,65021984.61
2020-04-09,9.01,9.01,9.13,8.92,5901100.0,53195841.0
2020-04-10,9.03,8.69,9.05,8.58,5403073.0,47326746.38
2020-04-13,8.62,8.47,8.68,8.42,3410300.0,29064149.0
2020-04-14,8.57,8.62,8.65,8.47,3369800.0,28824498.0
2020-04-15,8.65,8.49,8.74,8.47,4656702.0,39993545.94
2020-04-16,8.44,8.51,8.59,8.34,4067555.0,34440653.26
2020-04-17,8.57,8.46,8.69,8.44,5201182.0,44631085.87
2020-04-20,8.35,8.4,8.45,8.31,4607003.0,38592112.02
2020-04-21,8.35,8.55,8.59,8.11,8433682.0,70154319.68
2020-04-22,8.45,8.71,8.78,8.31,10573812.0,91536975.17
2020-04-23,8.71,8.79,8.95,8.61,10814129.0,94885194.36
2020-04-24,8.73,8.36,8.81,8.33,6928172.0,59147117.96
2020-04-27,8.35,8.13,8.35,8.13,4985882.0,40977395.12
2020-04-28,8.15,7.82,8.22,7.58,5872981.0,46226708.6
2020-04-29,7.74,7.84,7.94,7.72,2836030.0,22255249.9
2020-04-30,7.87,8.13,8.18,7.86,4393059.0,35354193.75
2020-05-06,8.0,8.36,8.4,7.98,5134077.0,42360612.87
2020-05-07,8.41,8.27,8.47,8.27,4797901.0,40092679.33
2020-05-08,8.42,8.4,8.6,8.33,5001772.0,42178203.12
2020-05-11,8.41,8.39,8.54,8.3,3695201.0,31152146.49
2020-05-12,8.39,8.32,8.44,8.13,3024286.0,24992453.34
2020-05-13,8.35,8.42,8.44,8.25,3216300.0,26926679.0
2020-05-14,8.3,8.38,8.49,8.27,3919401.0,32968700.44
2020-05-15,8.41,8.5,8.58,8.35,5457601.0,46371236.94
2020-05-18,8.59,8.17,8.61,8.15,7736762.0,64289399.5
2020-05-19,8.22,8.54,8.56,8.22,6487030.0,54623102.54
2020-05-20,8.53,8.59,8.78,8.42,7266650.0,62572816.96
2020-05-21,8.66,8.36,8.72,8.33,4784721.0,40543422.83
2020-05-22,8.32,8.29,8.45,8.15,3858201.0,32019285.15
2020-05-25,8.23,8.05,8.28,7.98,4709850.0,38065607.5
2020-05-26,8.08,8.35,8.71,8.07,8210633.0,68843243.49
2020-05-27,8.38,8.44,8.57,8.31,6776378.0,57197665.3
2020-05-28,8.45,8.29,8.53,8.13,5714423.0,47372124.99
2020-05-29,8.13,8.24,8.36,8.13,2705102.0,22407225.6
2020-06-01,8.3,8.51,8.53,8.24,5252301.0,44406414.43
2020-06-02,8.55,8.6,8.66,8.49,6165400.0,52931452.0
2020-06-03,8.67,8.52,8.69,8.51,4693452.0,40357327.72
2020-06-04,8.53,8.57,8.64,8.42,4253400.0,36238665.0
2020-06-05,8.56,8.46,8.56,8.39,3657450.0,30953346.0
2020-06-08,8.56,8.35,8.62,8.33,5947000.0,50313079.0
2020-06-09,8.37,8.35,8.4,8.28,3225700.0,26939569.0
2020-06-10,8.36,8.3,8.38,8.18,3326303.0,27464789.75
2020-06-11,8.19,8.25,8.36,8.19,3605812.0,29841831.78
2020-06-12,8.09,8.19,8.24,7.97,3514740.0,28587254.1
2020-06-15,8.08,8.09,8.21,8.08,3449700.0,28093510.0
2020-06-16,8.17,8.27,8.3,8.15,3720829.0,30558441.81
2020-06-17,8.28,8.2,8.3,8.11,3536819.0,28942731.7
2020-06-18,8.18,8.21,8.27,8.17,3057159.0,25148105.14
2020-06-19,8.21,8.2,8.25,8.16,2881716.0,23609292.48
2020-06-22,8.22,8.3,8.3,8.19,4328102.0,35692103.15
2020-06-23,8.28,8.14,8.28,8.14,3304725.0,27039711.5
2020-06-24,8.15,8.08,8.18,8.05,3142146.0,25424578.61
2020-06-29,8.05,7.9,8.05,7.83,3596709.0,28469684.32
2020-06-30,7.79,8.11,8.18,7.79,4788820.0,38272100.53
2020-07-01,8.07,7.98,8.11,7.95,3465100.0,27746626.0
2020-07-02,7.98,8.07,8.15,7.91,4317701.0,34844432.08
2020-07-03,8.1,8.19,8.2,8.08,4451200.0,36255213.98
2020-07-06,8.22,8.5,8.58,8.21,9601661.0,80962227.47
2020-07-07,8.58,8.82,9.09,8.48,13114628.0,115650282.34
2020-07-08,8.8,8.85,8.9,8.64,8639030.0,75927552.87
2020-07-09,8.86,9.15,9.19,8.8,10563987.0,95189405.61
2020-07-10,9.14,8.95,9.24,8.95,8427653.0,76500181.68
2020-07-13,8.86,9.16,9.19,8.85,7551875.0,68560757.79
2020-07-14,9.19,9.03,9.25,8.83,6922505.0,62576901.18
2020-07-15,9.2,9.02,9.25,8.75,7884103.0,71048008.98
2020-07-16,9.0,8.54,9.03,8.51,6748103.0,59327212.64
2020-07-17,8.54,8.46,8.68,8.41,5281701.0,45106699.53
2020-07-20,8.5,8.77,8.78,8.5,4500302.0,38931354.22
2020-07-21,8.79,8.68,8.85,8.59,4188199.0,36433492.21
2020-07-22,8.63,8.78,8.94,8.63,5647800.0,49736037.0
2020-07-23,8.71,8.52,8.75,8.38,6482800.0,55295991.0
2020-07-24,8.48,8.17,8.67,8.11,7160801.0,59861374.62
2020-07-27,8.2,8.25,8.29,8.01,4260500.0,34851549.0
2020-07-28,8.3,8.29,8.45,8.21,3783700.0,31491863.49
2020-07-29,8.27,8.44,8.49,8.13,4829300.0,40238050.0
2020-07-30,8.44,8.3,8.52,8.27,4838200.0,40478183.0
2020-07-31,8.31,8.4,8.47,8.23,4765069.0,39845623.05
2020-08-03,8.44,8.64,8.64,8.44,6540072.0,56023957.12
2020-08-04,8.66,8.9,9.18,8.43,15828006.0,139286102.0
2020-08-05,9.1,8.87,9.14,8.78,13470195.0,119996182.15
2020-08-06,8.85,9.33,9.74,8.67,22180614.0,203697406.71
2020-08-07,9.12,9.01,9.17,8.9,14038695.0,126789050.72
2020-08-10,8.96,9.01,9.18,8.85,8599799.0,77846168.14
2020-08-11,8.95,8.63,8.99,8.57,8203724.0,72197101.04
2020-08-12,8.63,8.85,8.86,8.52,6302707.0,54855826.03
2020-08-13,8.8,8.8,8.91,8.75,5086204.0,44892254.51
2020-08-14,8.77,8.83,8.85,8.62,5331049.0,46626732.68
2020-08-17,8.84,9.01,9.04,8.74,6704003.0,59889953.91
2020-08-18,9.01,9.03,9.13,8.91,7564419.0,68240918.22
2020-08-19,9.03,8.86,9.03,8.82,5886621.0,52510923.77
2020-08-20,8.8,9.08,9.25,8.73,10337042.0,93274239.54
2020-08-21,9.08,9.1,9.31,9.03,7382991.0,67492871.97
2020-08-24,9.1,9.01,9.15,8.9,5388466.0,48620952.14
2020-08-25,9.02,9.03,9.1,8.96,5177551.0,46755123.47
2020-08-26,9.03,8.69,9.04,8.61,6769806.0,59698445.27
2020-08-27,8.65,8.92,8.93,8.61,5139071.0,45385361.17
2020-08-28,8.93,8.97,9.0,8.8,4628310.0,41149144.19
2020-08-31,9.03,8.86,9.14,8.84,6106400.0,55035992.47
2020-09-01,8.82,9.14,9.17,8.78,8520919.0,76898309.67
2020-09-02,9.17,9.09,9.19,9.01,7010700.0,63781764.0
2020-09-03,9.07,9.32,9.43,9.06,13901503.0,128712854.95
2020-09-04,9.2,9.65,9.7,9.16,19111979.0,181448296.58
2020-09-07,9.65,9.59,9.9,9.44,18708850.0,180562741.65
2020-09-08,9.52,9.57,9.67,9.34,11948424.0,113670425.72
2020-09-09,9.43,9.04,9.44,8.93,14982020.0,138092002.74
2020-09-10,9.1,8.41,9.15,8.25,12447884.0,107784568.72
2020-09-11,8.29,8.43,8.46,8.15,5830213.0,48428842.32
2020-09-14,8.47,8.47,8.55,8.34,5024205.0,42488467.55
2020-09-15,8.46,8.41,8.5,8.3,3780803.0,31774037.66
2020-09-16,8.39,8.25,8.4,8.16,4999501.0,41365135.13
2020-09-17,8.29,8.28,8.33,8.16,3660515.0,30191095.4
2020-09-18,8.26,8.38,8.38,8.2,3732000.0,30943625.0
2020-09-21,8.38,8.32,8.42,8.26,3351267.0,27950136.11
2020-09-22,8.24,8.11,8.28,8.1,3604700.0,29519490.99
2020-09-23,8.12,8.14,8.17,8.06,2474101.0,20085900.06
2020-09-24,8.07,7.84,8.08,7.82,4158467.0,32888540.94
2020-09-25,7.88,7.74,7.92,7.68,3090901.0,24013049.77
2020-09-28,7.74,7.58,7.78,7.57,2495311.0,19121490.27
2020-09-29,7.6,7.76,7.8,7.56,3232700.0,24963489.0
2020-09-30,7.76,7.73,7.79,7.65,1951900.0,15055475.0
2020-10-09,7.81,7.94,7.96,7.81,2595400.0,20503444.0
2020-10-12,8.03,8.16,8.2,7.95,3143900.0,25489554.47
2020-10-13,8.16,8.13,8.16,8.02,3084800.0,24983160.0
2020-10-14,8.08,7.98,8.13,7.93,2566901.0,20562624.04
2020-10-15,7.93,7.8,7.98,7.77,3065600.0,24072607.0
2020-10-16,7.85,7.81,7.85,7.71,2386510.0,18552047.6
2020-10-19,7.83,7.78,7.94,7.77,2509444.0,19720517.19
2020-10-20,7.74,7.91,7.92,7.7,2126000.0,16617037.0
2020-10-21,7.9,7.74,7.95,7.71,2830011.0,22000325.34
2020-10-22,7.7,7.71,7.78,7.63,1857134.0,14296103.12
2020-10-23,7.71,7.63,7.79,7.62,1942400.0,14949053.0
2020-10-26,7.62,7.58,7.66,7.51,1634701.0,12400921.55
2020-10-27,7.56,7.64,7.7,7.52,2501867.0,19107431.89
2020-10-28,7.64,7.57,7.68,7.47,2215150.0,16741515.0
2020-10-29,7.5,7.34,7.5,7.33,3589410.0,26549484.4
2020-10-30,7.33,7.06,7.34,7.04,5943602.0,42432979.38
2020-11-02,7.05,6.92,7.05,6.88,2573010.0,17875770.69
2020-11-03,7.03,7.15,7.36,6.99,5276423.0,38015786.98
2020-11-04,7.16,7.13,7.25,7.05,3105413.0,22146271.39
2020-11-05,7.18,7.25,7.33,7.17,3299861.0,23919819.06
2020-11-06,7.29,7.15,7.31,7.12,2855903.0,20517696.54
2020-11-09,7.22,7.43,7.49,7.19,5226035.0,38543014.59
2020-11-10,7.42,7.33,7.42,7.3,2993503.0,22006623.11
2020-11-11,7.34,7.2,7.36,7.17,2201989.0,15913538.47
2020-11-12,7.19,7.23,7.26,7.16,2173901.0,15675660.14
2020-11-13,7.2,7.31,7.34,7.09,2442901.0,17680761.17
2020-11-16,7.32,7.32,7.33,7.23,2486200.0,18085002.0
2020-11-17,7.32,7.26,7.34,7.17,2613650.0,18883707.38
2020-11-18,7.26,7.37,7.44,7.24,2301700.0,16906655.0
2020-11-19,7.36,7.46,7.52,7.3,3477100.0,25964732.0
2020-11-20,7.45,7.47,7.49,7.35,2220810.0,16485164.6
2020-11-23,7.45,7.48,7.55,7.38,2290990.0,17088816.32
2020-11-24,7.47,7.46,7.53,7.42,1948522.0,14568603.45
2020-11-25,7.46,7.33,7.49,7.32,2416911.0,17913053.84
2020-11-26,7.33,7.25,7.44,7.25,1970927.0,14421483.53
2020-11-27,7.27,7.28,7.32,7.15,2179600.0,15759817.0
2020-11-30,7.3,7.35,7.44,7.24,2439200.0,17932701.99
2020-12-01,7.33,7.49,7.54,7.31,2674001.0,19957782.48
2020-12-02,7.55,7.68,7.8,7.51,7058283.0,54158010.79
2020-12-03,7.59,7.6,7.74,7.57,4280800.0,32705803.4
2020-12-04,7.59,7.96,8.14,7.54,10310470.0,81477447.88
2020-12-07,7.91,7.91,8.08,7.78,7057633.0,55812138.59
2020-12-08,7.84,7.81,7.91,7.73,4129972.0,32250332.96
2020-12-09,7.79,7.5,7.79,7.46,5236767.0,39900101.14
2020-12-10,7.49,7.6,7.72,7.37,3867761.0,29168633.52
2020-12-11,7.6,7.36,7.67,7.3,4241158.0,31537848.77
2020-12-14,7.36,7.31,7.37,7.23,2013333.0,14693507.25
2020-12-15,7.28,7.43,7.49,7.25,2582079.0,19025886.62
2020-12-16,7.39,7.07,7.46,7.06,4003114.0,28821851.52
2020-12-17,7.03,7.12,7.19,6.95,2934814.0,20725742.28
2020-12-18,7.13,7.12,7.2,7.02,2119850.0,15064388.5
2020-12-21,7.08,7.24,7.35,7.05,2420200.0,17472939.0
2020-12-22,7.24,7.04,7.24,7.0,3093381.0,21916790.0
2020-12-23,7.04,7.01,7.08,6.95,2257705.0,15863359.2
2020-12-24,7.06,7.05,7.2,6.97,2317827.0,16360217.08
2020-12-25,7.03,6.99,7.08,6.93,1807710.0,12673027.36
2020-12-28,6.99,6.87,6.99,6.75,3039400.0,20760508.01
2020-12-29,6.85,6.92,7.07,6.82,2037100.0,14169101.0
2020-12-30,6.88,6.88,6.92,6.83,1340090.0,9205356.2
2020-12-31,6.88,6.96,7.03,6.88,1524448.0,10605731.87
2021-01-04,6.97,7.02,7.03,6.94,2219527.0,15531708.19
2021-01-05,7.03,6.94,7.06,6.89,2367700.0,16458642.0
2021-01-06,6.95,6.6,6.95,6.57,4573972.0,30470639.26
2021-01-07,6.6,6.21,6.6,6.2,4698200.0,29642210.45
2021-01-08,6.2,6.26,6.4,5.98,2874450.0,17811216.0
2021-01-11,6.25,6.02,6.3,6.0,2611558.0,15998555.7
2021-01-12,6.06,6.05,6.18,6.0,2161800.0,13096254.0
2021-01-13,6.06,5.93,6.06,5.8,2572735.0,15190917.61
2021-01-14,5.9,5.91,6.06,5.83,2222511.0,13206399.35
2021-01-15,5.91,6.02,6.03,5.9,2282703.0,13649292.4
2021-01-18,6.03,6.19,6.3,5.98,2710952.0,16704228.33
2021-01-19,6.19,6.23,6.29,6.18,2376169.0,14797418.23
2021-01-20,6.24,6.2,6.29,6.15,1466100.0,9103917.73
2021-01-21,6.19,6.25,6.29,6.14,1695401.0,10546565.23
2021-01-22,6.24,6.15,6.24,6.08,2066329.0,12667185.77
2021-01-25,6.09,6.0,6.11,5.95,1694100.0,10172067.0
2021-01-26,6.34,6.14,6.34,6.02,2998501.0,18477826.74
2021-01-27,6.04,5.99,6.12,5.89,2174168.0,12975541.29
2021-01-28,5.91,5.97,6.13,5.9,2097302.0,12649783.24
2021-01-29,6.03,5.82,6.03,5.8,1982200.0,11638018.0
2021-02-01,5.88,5.66,5.89,5.62,2121911.0,12099394.02
2021-02-02,5.65,5.65,5.71,5.5,1803202.0,10091515.18
2021-02-03,5.79,5.56,5.9,5.21,2464832.0,14036333.81
2021-02-04,5.42,5.28,5.5,5.24,3021594.0,16120887.78
2021-02-05,5.45,5.24,5.45,5.24,1750273.0,9371516.4
2021-02-08,5.19,5.37,5.41,5.17,2253501.0,11890183.0
2021-02-09,5.44,5.3,5.44,5.22,2633212.0,13963805.51
2021-02-10,5.25,5.32,5.33,5.24,1499026.0,7930260.76
2021-02-18,5.37,5.52,5.68,5.36,3162182.0,17380515.69
2021-02-19,5.52,5.78,5.83,5.49,2600185.0,14802870.06
2021-02-22,5.83,5.97,6.09,5.81,3402208.0,20408735.51
2021-02-23,5.99,5.87,5.99,5.81,1621668.0,9557653.84
2021-02-24,5.98,6.06,6.13,5.9,3477869.0,21050031.35
2021-02-25,6.08,5.96,6.1,5.94,2454501.0,14676081.01
2021-02-26,5.86,5.98,6.07,5.82,1537110.0,9198245.1
2021-03-01,5.98,6.0,6.07,5.97,1973467.0,11857514.22
2021-03-02,6.09,6.0,6.09,5.96,2357185.0,14196742.35
2021-03-03,5.98,6.0,6.05,5.98,1979914.0,11893377.21
2021-03-04,5.93,5.97,6.06,5.93,1926800.0,11570814.0
2021-03-05,5.96,6.09,6.13,5.96,2486893.0,15046129.8
2021-03-08,6.12,6.07,6.25,6.05,2317222.0,14227423.1
2021-03-09,6.08,5.92,6.17,5.81,2199621.0,13143639.16
2021-03-10,5.99,5.74,6.02,5.73,1798210.0,10469130.0
2021-03-11,5.75,5.88,5.88,5.62,2116651.0,12151588.92
2021-03-12,5.87,5.94,5.94,5.73,1972150.0,11477491.74
2021-03-15,5.93,5.97,5.97,5.83,1403700.0,8293236.0
2021-03-16,6.0,5.97,6.05,5.92,2587600.0,15452550.0
2021-03-17,5.99,5.98,6.01,5.93,2066058.0,12349532.34
2021-03-18,5.95,5.9,6.0,5.88,1584662.0,9392431.8
2021-03-19,5.88,5.89,5.99,5.83,1289580.0,7641132.54
2021-03-22,5.93,5.96,5.96,5.88,1371301.0,8137671.94
2021-03-23,5.96,6.56,6.56,5.87,4859028.0,30833048.24
2021-03-24,7.22,7.22,7.22,7.22,2118200.0,15293404.0
2021-03-25,7.94,6.78,7.94,6.66,21924231.0,156043821.46
2021-03-26,6.57,6.59,6.76,6.38,12565090.0,81861117.88
2021-03-29,6.48,6.42,6.55,6.38,8552600.0,55384601.2
2021-03-30,6.45,6.25,6.5,6.18,6306724.0,39354687.14
2021-03-31,6.2,6.23,6.32,6.14,4710353.0,29286057.58
2021-04-01,6.24,6.13,6.27,6.09,4402151.0,27071202.69
2021-04-02,6.13,6.31,6.31,6.07,6463663.0,40293864.67
2021-04-06,6.3,6.28,6.32,6.21,4971152.0,31159878.56
2021-04-07,6.25,6.24,6.27,6.17,4352351.0,27017090.69
2021-04-08,6.21,6.09,6.3,6.08,5231000.0,32410583.0
2021-04-09,6.03,6.16,6.28,6.02,6007875.0,36824523.91
2021-04-12,6.16,6.78,6.78,6.15,14552281.0,95445740.03
2021-04-13,6.8,6.77,7.24,6.59,21847552.0,151906641.0
2021-04-14,6.66,6.8,6.95,6.61,11968401.0,81324903.75
2021-04-15,6.59,6.69,6.83,6.51,8938716.0,59695599.16
2021-04-16,6.57,6.98,7.06,6.57,11283158.0,77325552.86
2021-04-19,6.86,6.79,6.88,6.7,9629750.0,65376387.0
2021-04-20,6.8,6.77,6.92,6.65,6690161.0,45307094.64
2021-04-21,6.71,6.55,6.74,6.55,5953117.0,39522472.81
2021-04-22,6.68,6.7,6.78,6.55,4542902.0,30179187.16
2021-04-23,6.66,6.63,6.66,6.5,3796450.0,24974664.16
